Product_URL,Product_Name,Category,Rating,Description,Selling_Price,MRP,Discount_Percent,Available_Sizes,Available_Colors,Brand,Stock_Status,Gender
https://www.decathlon.in/p/8319097/men-waterproof-trekking-shoes-mid-ankle-with-cross-contact-grip-grey-mt100,Men Waterproof Trekking Shoes Mid Ankle with Cross-Contact Grip Grey - MT100,SPORTS FOOTWEAR > Shoes > Waterproof Shoes,4.2,"Waterproof mid-ankle trekking shoes designed for hiking and outdoor trails, offering strong grip, durable construction, and comfortable cushioning for all-weather use.","6,999","8,399",17,None,None,FORCLAZ,PRODUCT DISCONTINUED,Male
https://www.decathlon.in/p/8351755/men-running-shoes-everyday-shoes-with-cushioning-ekiden-one-grey,"Men Running Shoes Everyday Shoes with Cushioning, Ekiden One - Grey",SPORTS FOOTWEAR > Shoes > Gym Shoes,4.5,"Your versatile everyday shoe: fitness, walking, jogging. Comfortable and lightweight, it is ideal for all your sports adventures.",999,1199,17,"5.5, 6.5, 7, 8, 8.5, 9.5, 10.5, 11, 12, 12.5",Blue,DECATHLON,IN-STOCK,Male
https://www.decathlon.in/p/8367617/men-s-warm-and-waterproof-hiking-boots-nh100-high-black,"Men’s warm and waterproof hiking boots, NH100 High - Black",SPORTS FOOTWEAR > Shoes > Hiking Shoes,4.5,Grip with SNOWCONTACT technology: materials and tread pattern of the soles,3499,5499,36,None,None,QUECHUA,OUT-OF-STOCK,Male
https://www.decathlon.in/p/8381475/men-running-shoes-comfort-fit-upto-10km-week-run-active-slate-grey,"Men Running Shoes Comfort Fit, Upto 10km/week, Run Active - Slate Grey",SPORTS FOOTWEAR > Shoes > Running Shoes,4.5,These lightweight basic men's running shoes provide good cushioning and are comfortable for running up to 10 km per week.,1699,2999,43,"5.5(1 Left), 6.5, 7, 8,8.5,9.5,10.5,11",Slate Grey,KALENJI,IN-STOCK,Male
https://www.decathlon.in/p/8486177/men-walking-shoes-with-breathable-mesh-cushioning-pw-100-grey,"Men Walking Shoes with Breathable Mesh, Cushioning, PW 100 - Grey",SPORTS FOOTWEAR > Shoes > Walking Shoes,4.5,This is an Occasional walking shoe which we advise using 1-2 times a week. Not to be used with any other sports. This shoe is designed only for walking.,699,999,30,7,Grey,DECATHLON,IN-STOCK,Male
https://www.decathlon.in/p/8502616/men-s-warm-and-waterproof-hiking-boots-sh500-mountain-mid,Men’s Warm and Waterproof Hiking Boots - SH500 mountain MID,SPORTS FOOTWEAR >Shoes > Hiking Shoes,4.6,Warm and waterproof hiking shoe with good grip in the mountains in winter,4999,7499,33,None,None,QUECHUA,OUT-OF-STOCK,Male
https://www.decathlon.in/p/8502824/men-walking-shoes-with-breathable-mesh-cushioning-pw-100-black,"Men Walking Shoes with Breathable Mesh, Cushioning, PW 100 - Black",SPORTS FOOTWEAR > Shoes > Walking Shoes,4.5,"Men Walking Shoes with Breathable Mesh, Cushioning, PW 100 - Black",699,699,0,"5.5, 6.5, 7, 11",Black,DECATHLON,IN-STOCK,Male
https://www.decathlon.in/p/8503792/men-low-ankle-waterproof-hiking-shoes-with-non-slip-outsole-blue-mh100,Men Low Ankle Waterproof Hiking Shoes with Non-Slip Outsole Blue - MH100,SPORTS FOOTWEAR > Shoes > Hiking Shoes,4.6,Waterproof and breathable membrane lining: your feet dry for 3h in all weather,3999,5999,33,None,Blue,QUECHUA,PRODUCT DISCONTINUED,Male
https://www.decathlon.in/p/8503796/men-low-ankle-waterproof-hiking-shoes-with-non-slip-outsole-grey-mh100,Men Low Ankle Waterproof Hiking Shoes with Non-Slip Outsole Grey - MH100,SPORTS FOOTWEAR > Shoes > Hiking Shoes,4.6, Waterproof and breathable membrane lining: your feet dry for 3h in all weather,3999,5999,33,"5.5, 6.5, 7, 8, 8.5, 9.5, 10.5, 11, 12",Grey,QUECHUA,IN-STOCK,Male
https://www.decathlon.in/p/8544960/men-warm-waterproof-hiking-boots-nh500-mid-brown,"Men warm, waterproof hiking boots, NH500 Mid - Brown",SPORTS FOOTWEAR > Shoes > Hiking Shoes,4.8,"Our team of hiking enthusiasts designed these warm and waterproof trainers for your daily winter outings. They combine comfort, grip and style",3999,5999,33,None,None,QUECHUA,PRODUCT DISCONTINUED,Male
https://www.decathlon.in/p/8550247/men-waterproof-trekking-shoes-high-ankle-with-contact-grip-khaki-mt100,Men Waterproof Trekking Shoes High Ankle with CONTACTÂ® Grip Khaki - MT100,SPORTS FOOTWEAR > Shoes > Snow Boots And Snow Shoes,4.3,"On hard and wet surfaces, these waterproof high-top boots are great for walking with excellent comfort",13999,21999,36,"6.5, 7, 8, 8.5, 9.5, 10.5, 11",Khaki,SIMOND,IN-STOCK,Male
https://www.decathlon.in/p/8553119/men-mid-ankle-waterproof-hiking-shoes-with-non-slip-outsole-black-mh100,Men Mid Ankle Waterproof Hiking Shoes with Non-Slip Outsole Black - MH100,SPORTS FOOTWEAR > Shoes > Hiking Shoes,4.6,High-top upper. Locking hooks to spread lacing between the foot and ankle,4999,7999,38,"5.5, 6.5, 7, 8, 8.5, 9.5, 10.5, 11, 12",Black,QUECHUA,IN-STOCK,Male
https://www.decathlon.in/p/8553121/men-mid-ankle-waterproof-hiking-shoes-with-non-slip-outsole-khaki-mh100,Men Mid Ankle Waterproof Hiking Shoes with Non-Slip Outsole Khaki - MH100,SPORTS FOOTWEAR > Shoes > Hiking Shoes,4.6,High-top upper. Locking hooks to spread lacing between the foot and ankle,4999,7999,38,"5.5, 6.5, 7, 8, 8.5, 9.5, 10.5, 11",Khaki,QUECHUA,IN-STOCK,Male
https://www.decathlon.in/p/8554249/men-running-shoes-daily-with-cushioning-comfort-fit-run-comfort-black,"Men Running Shoes Daily with Cushioning, Comfort Fit, Run Comfort - Black",SPORTS FOOTWEAR > Shoes > Running Shoes,4.5,These lightweight men's running shoes provide cushioning for running up to 10km per week.,1199,2099,43,"8, 8.5, 9.5, 10.5, 11, 12",Black,KALENJI,IN-STOCK,Male
https://www.decathlon.in/p/8554571/men-water-resistant-mid-ankle-hiking-shoes-brown-nh150,Men Water Resistant Mid Ankle Hiking Shoes Brown - NH150,SPORTS FOOTWEAR > Shoes > Hiking Shoes,4.5,"Waterproof, comfortable shoes that provide good grip even on slightly uneven, hiking trails. Affordably priced and stylish in color. Tested to work in mild rain",3599,4999,28,"5.5, 6.5, 7, 8, 8.5, 9.5, 10.5, 11, 12",Brown,QUECHUA,IN-STOCK,Male
https://www.decathlon.in/p/8554574/men-water-resistant-mid-ankle-hiking-shoes-beige-nh150,Men Water Resistant Mid Ankle Hiking Shoes Beige - NH150,SPORTS FOOTWEAR > Shoes > Hiking Shoes,4.5,Synthetic detailing on the front foot for resistance against abrasion in nature,3599,4999,28,"5.5, 6.5, 7, 8, 8.5, 9.5, 10.5, 11, 12",Beige,QUECHUA,IN-STOCK,Male
https://www.decathlon.in/p/8555093/men-s-mountain-hiking-shoes-mh100-grey,Men's mountain hiking shoes MH100 Grey,SPORTS FOOTWEAR > Shoes > Hiking Shoes,4.7, EVA midsole offering great cushioning along the entire length of the foot.,2999,4999,40,"5.5, 6.5, 7, 8, 8.5, 9.5, 10.5, 11, 12",Grey,QUECHUA,IN-STOCK,Male
https://www.decathlon.in/p/8559091/men-running-shoes-comfort-fit-upto-10km-week-run-active-carmine-red,"Men Running Shoes Comfort Fit, Upto 10km/week, Run Active - Blue and Brown",SPORTS FOOTWEAR > Shoes > Running Shoes,4.5,CS technology in the heel for enhanced absorption of shock waves.,1699,2999,43,"7, 8.5",Blue and Brown,KALENJI,IN-STOCK,Male
https://www.decathlon.in/p/8607728/men-running-shoes-everyday-shoes-with-cushioning-run-one-blue,"Men Running Shoes Everyday Shoes with Cushioning, Run One - Blue
",SPORTS FOOTWEAR > Shoes > Gym Shoes,4.5,"Your versatile everyday shoe: fitness, walking, jogging. Comfortable and lightweight, it is ideal for all your sports adventures.",999,999,0,"5.5, 8, 8.5, 9.5, 11",Blue,DECATHLON,IN-STOCK,Male
https://www.decathlon.in/p/8618759/men-waterproof-hiking-shoes-low-ankle-with-cushion-comfort-blue-mh500,Men Waterproof Hiking Shoes Low Ankle with Cushion Comfort Blue - MH500,SPORTS FOOTWEAR > Shoes > Hiking Shoes,4.7,The suede leather on the forefoot will adapt to your foot shape over time,5999,10999,45,None,None,QUECHUA,OUT-OF-STOCK,Male
https://www.decathlon.in/p/8618767/men-waterproof-hiking-shoes-mid-ankle-with-cushion-comfort-brown-mh500,Men Waterproof Hiking Shoes Mid Ankle with Cushion Comfort Brown - MH500,SPORTS FOOTWEAR > Shoes > Hiking Shoes,4.7, Rubber stone guard at the front and plastic at the back of the foot,6999,10999,36,5.5,Brown,QUECHUA,IN-STOCK,Male
https://www.decathlon.in/p/8618769/men-waterproof-hiking-shoes-mid-ankle-with-cushion-comfort-grey-mh500,Men Waterproof Hiking Shoes Mid Ankle with Cushion Comfort Grey - MH500,SPORTS FOOTWEAR > Shoes > Hiking Shoes,4.7,Designed for day hikes on the mountain trails. The mid upper gives you greater protection as well as comfort.,6999,10999,36,5.5,Grey,QUECHUA,IN-STOCK,Male
https://www.decathlon.in/p/8640887/men-s-warm-and-waterproof-hiking-boots-sh100-mid-height,Men’s warm and waterproof hiking boots - SH100 Mid-height,SPORTS FOOTWEAR > Shoes > Hiking Shoes,4.7,Traction on snow thanks to the location and depth of the 4.5 mm studs,2999,3999,25,None,None,QUECHUA,OUT-OF-STOCK,Male
https://www.decathlon.in/p/8645925/men-s-waterproof-durable-hunting-boots-crosshunt-120-resist-brown,Men’s Waterproof Durable Hunting Boots Crosshunt 120 Resist Brown,SPORTS FOOTWEAR > Shoes > Hiking Shoes,4.5,"REGULAR USE, SLIGHTLY UNEVEN TERRAIN, FREQUENT BRAMBLES// Versatile waterproof boots designed for all hunting and outdoor activities",9999,11699,15,"6, 7, 8, 8.5",Brown,SOLOGNAC,IN-STOCK,Male
https://www.decathlon.in/p/8665507/men-running-shoes-daily-with-cushioning-comfort-fit-run-comfort-khaki-grey,"Men Running Shoes Daily with Cushioning, Comfort Fit, Run Comfort - Khaki Grey",SPORTS FOOTWEAR > Shoes > Running Shoes,4.5,These lightweight men's running shoes provide cushioning for running up to 10km per week.,1299,2099,38,"5.5, 6.5, 7, 8, 8.5, 9.5, 10.5, 11, 12",Khaki Grey,KALENJI,IN-STOCK,Male
https://www.decathlon.in/p/8665669/men-s-warm-and-waterproof-hiking-boots-mh500-mid-black,"Men’s warm and waterproof hiking boots, MH500 Mid - Black",SPORTS FOOTWEAR > Shoes > Hiking Shoes,4.5,"We designed this warm men's boot for hiking in the mountains in winter. It will offer you warmth, waterproofing and the perfect grip.",8999,13999,36,"5.5, 6.5, 7, 8, 8.5, 9.5, 10.5, 11, 12",Black,QUECHUA,IN-STOCK,Male
https://www.decathlon.in/p/8670184/men-running-shoes-comfort-fit-upto-10km-week-run-active-denim-blue,"Men Running Shoes Comfort Fit, Upto 10km/week, Run Active - Denim Blue",SPORTS FOOTWEAR > Shoes > Running Shoes,4.5,These lightweight basic men's running shoes provide good cushioning and are comfortable for running up to 10 km per week.,1299,2349,45,None,None,KALENJI,PRODUCT DISCONTINUED,Male
https://www.decathlon.in/p/8670185/men-running-shoes-comfort-fit-upto-10km-week-run-active-blue-and-brown,"Men Running Shoes Comfort Fit, Upto 10km/week, Run Active - Blue and Brown",SPORTS FOOTWEAR > Shoes > Running Shoes,4.5,These lightweight basic men's running shoes provide good cushioning and are comfortable for running up to 10 km per week.,1699,2999,43,"7, 8.5",Blue and Brown,KALENJI,IN-STOCK,Male
https://www.decathlon.in/p/8670187/men-running-shoes-comfort-fit-upto-10km-week-run-active-black-and-orange,"Men Running Shoes Comfort Fit, Upto 10km/week, Run Active - Black and Orange",SPORTS FOOTWEAR > Shoes > Running Shoes,4.5,These lightweight basic men's running shoes provide good cushioning and are comfortable for running up to 10 km per week.,1999,2999,33,"6.5, 7, 8, 8.5, 9.5, 10.5, 11",Black and Orange,KALENJI,IN-STOCK,Male
https://www.decathlon.in/p/8670191/men-running-shoe-cushioned-foam-sole-and-breathable-jogflow-500-1-carbon-grey,"Men Running Shoe, Cushioned Foam Sole and Breathable JOGFLOW 500.1 - Carbon Grey",SPORTS FOOTWEAR > Shoes > Running Shoes,4.5,These lightweight basic men's running shoes provide good cushioning and are comfortable for running up to 10 km per week.,3599,4999,28,None,None,KALENJI,PRODUCT DISCONTINUED,Male
https://www.decathlon.in/p/8670196/men-running-shoe-cushioned-foam-sole-and-breathable-jogflow-500-1-black,"Men Running Shoe, Cushioned Foam Sole and Breathable JOGFLOW 500.1 - Black",SPORTS FOOTWEAR > Shoes > Running Shoes,4.6,These lightweight basic men's running shoes provide good cushioning and are comfortable for running up to 10 km per week.,3599,4999,28,"5.5, 6.5, 7, 8, 8.5, 9.5, 10.5, 11, 12",Black,KALENJI,IN-STOCK,Male
https://www.decathlon.in/p/8733461/men-running-shoes-superior-grip-cushioned-upto-10km-week-jogflow100-sage-green,"Men Running Shoes Superior Grip Cushioned Upto 10km/week, Jogflow100 -Sage Green",SPORTS FOOTWEAR > Shoes > Running Shoes,4.5,These lightweight basic men's running shoes provide good cushioning and are comfortable for running up to 10 km per week.,1599,2999,47,"5.5, 6.5, 7, 8, 8.5, 9.5, 10.5, 11, 12",Sage Green,KALENJI,IN-STOCK,Male
https://www.decathlon.in/p/8733464/men-running-shoes-superior-grip-cushioned-upto-10km-week-jogflow100-black,"Men Running Shoes Superior Grip Cushioned Upto 10km/week, Jogflow100 - Black",SPORTS FOOTWEAR > Shoes > Running Shoes,4.5,These lightweight basic men's running shoes provide good cushioning and are comfortable for running up to 10 km per week.,1599,2999,47,"5.5, 6.5, 7, 8, 8.5, 9.5, 10.5, 11, 12",Black,KALENJI,IN-STOCK,Male
https://www.decathlon.in/p/8733468/men-running-shoes-superior-grip-cushioned-upto-10km-week-jogflow100-red,"Men Running Shoes Superior Grip Cushioned Upto 10km/week, Jogflow100 - Red",SPORTS FOOTWEAR > Shoes > Running Shoes,4.5,These lightweight basic men's running shoes provide good cushioning and are comfortable for running up to 10 km per week.,1599,2999,47,None,None,KALENJI,PRODUCT DISCONTINUED,Male
https://www.decathlon.in/p/8733469/men-running-shoes-superior-grip-cushioned-upto-10km-week-jogflow100-navy-blue,"Men Running Shoes Superior Grip Cushioned Upto 10km/week, Jogflow100 - Navy Blue",SPORTS FOOTWEAR > Shoes > Running Shoes,4.5,These lightweight basic men's running shoes provide good cushioning and are comfortable for running up to 10 km per week.,1599,1599,0,"5.5, 6.5, 7, 8, 8.5, 9.5, 10.5, 11, 12",Navy Blue,KALENJI,IN-STOCK,Male
https://www.decathlon.in/p/8733470/men-running-shoes-superior-grip-cushioned-upto-10km-week-jogflow100-grey,"Men Running Shoes Superior Grip Cushioned Upto 10km/week, Jogflow100 - Grey",SPORTS FOOTWEAR > Shoes > Running Shoes,4.5,These lightweight basic men's running shoes provide good cushioning and are comfortable for running up to 10 km per week.,1599,2999,47,"5.5, 6.5, 7, 8, 8.5, 9.5, 10.5, 11, 12",Grey,KALENJI,IN-STOCK,Male
https://www.decathlon.in/p/8738058/men-s-warm-and-waterproof-hiking-boots-nh500-mid-black,Men’s Warm and Waterproof Hiking Boots NH500 Mid - Black,SPORTS FOOTWEAR > Shoes > Hiking Shoes,4.8,"Our team of hiking enthusiasts designed these warm and waterproof trainers for your daily winter outings. They combine comfort, grip and style",4599,6999,34,"5.5, 6.5, 7, 8, 8.5, 9.5, 10.5, 11, 12",Black,QUECHUA,IN-STOCK,Male
https://www.decathlon.in/p/8756701/men-mid-ankle-hiking-shoes-black-nh100,Men Mid Ankle Hiking Shoes Black - NH100,SPORTS FOOTWEAR > Shoes > Hiking Shoes,4.5,"Our team of hiking enthusiasts designed these boots for your occasional walks on flatland, in the forest or on the coast in dry weather.",1999,2999,33,"5.5, 6.5, 7, 8, 8.5, 9.5, 10.5, 11, 12",Black,QUECHUA,IN-STOCK,Male
https://www.decathlon.in/p/8757257/men-lightweight-low-ankle-hiking-shoes-blue-nh150,Men Lightweight Low Ankle Hiking Shoes Blue - NH150,SPORTS FOOTWEAR > Shoes > Hiking Shoes,4.6,"our team has designed this NH100 boot for your occasional outings on lowlands, in the forest or on the coast in dry weather.",2199,2999,27,6.5,Blue,QUECHUA,IN-STOCK,Male
https://www.decathlon.in/p/8757332/men-running-shoes-superior-grip-cushioned-upto-20km-week-jogflow-190-1-white,"Men Running Shoes Superior Grip Cushioned Upto 20km/week, Jogflow 190.1 - White",SPORTS FOOTWEAR > Shoes > Running Shoes,4.6,Our design teams developed these lightweight men's running shoes with cushioning for running up to 20 km per week.,1999,2799,29,None,None,KIPRUN,PRODUCT DISCONTINUED,Male
https://www.decathlon.in/p/8757333/men-running-shoes-superior-grip-cushioned-upto-20km-week-jogflow-190-1-blue,"Men Running Shoes Superior Grip Cushioned Upto 20km/week, Jogflow 190.1 - Blue",SPORTS FOOTWEAR > Shoes > Running Shoes,4.6,"During the fittings, our testers gave the shoe a score of 8.2/10 for comfort.",1699,2499,32,"8.5, 9.5. 10.5, 11",Blue,KIPRUN,IN-STOCK,Male
https://www.decathlon.in/p/8757334/men-running-shoes-superior-grip-cushioned-upto-20km-week-jogflow-190-1-grey,"Men Running Shoes Superior Grip Cushioned Upto 20km/week, Jogflow 190.1 - Grey",SPORTS FOOTWEAR > Shoes > Running Shoes,4.6,"During the fittings, our testers gave the shoe a score of 8.2/10 for comfort.",1699,2799,39,"9.5, 10.5",Grey,KIPRUN,IN-STOCK,Male
https://www.decathlon.in/p/8757335/men-running-shoes-superior-grip-cushioned-upto-20km-week-jogflow-190-1-black,"Men Running Shoes Superior Grip Cushioned Upto 20km/week, Jogflow 190.1 - Black",SPORTS FOOTWEAR > Shoes > Running Shoes,4.6,"During the fittings, our testers gave the shoe a score of 8.2/10 for comfort.",2499,2799,11,"5.5, 6.5, 7, 8, 8.5, 9.5, 10.5, 11",Black,KIPRUN,IN-STOCK,Male
https://www.decathlon.in/p/8759438/waterproof-boots-crosshunt-110-heritage-brown,WATERPROOF BOOTS CROSSHUNT 110 HERITAGE - BROWN,SPORTS FOOTWEAR > Shoes > Running Shoes,4.6,"Leather lined with waterproof and breathable membrane, 6 h submerged in water",3999,5599,29,"5.5, 6.5, 7, 8, 8.5, 9.5, 10.5, 11",Brown,SOLOGNAC,IN-STOCK,Male
https://www.decathlon.in/p/8767616/men-low-ankle-leather-hiking-shoes-with-built-in-socks-nh500,Men Low Ankle Leather Hiking Shoes with Built-in Socks - NH500,SPORTS FOOTWEAR > Shoes > Hiking Shoes,4.4,"Our team of hiking enthusiasts designed these boots for your occasional walks on flatland, in the forest or on the coast in dry weather.",3999,5999,33,"8, 8.5, 9.5, 10.5, 11",Brown,QUECHUA,IN-STOCK,Male
https://www.decathlon.in/p/8767618/men-s-hiking-shoes-arpenaz-500-revival,Men's Hiking shoes - ARPENAZ 500 REVIVAL,SPORTS FOOTWEAR > Shoes > Hiking Shoes,4.4,"Our team of hiking enthusiasts designed these boots for your occasional walks on flatland, in the forest or on the coast in dry weather.",3999,5999,33,"8, 8.5, 9.5, 10.5, 11",Slate Grey,QUECHUA,IN-STOCK,Male
https://www.decathlon.in/p/8767790/run-active-grip-lightweight-cushioned-men-running-shoes-max-10-km-wk-white,RUN ACTIVE GRIP Lightweight Cushioned Men Running Shoes max 10 km/wk - White,SPORTS FOOTWEAR > Shoes > Running Shoes,4.6,Designed to run comfortably up to 20km a week.,2799,3799,26,None,None,KALENJI,PRODUCT DISCONTINUED,Male
https://www.decathlon.in/p/8772865/men-s-kiprun-ks500-2-running-shoes-black-yellow,MEN'S KIPRUN KS500 2 RUNNING SHOES - BLACK/YELLOW,SPORTS FOOTWEAR > Shoes > Running Shoes,4.6,These lightweight basic men's running shoes provide good cushioning and are comfortable for running up to 10 km per week.,5999,9099,34,"6.5, 7, 8, 8.5, 9.5, 10.5, 11",,KIPRUN,IN-STOCK,Male
https://www.decathlon.in/p/8786155/men-s-leather-boots-waterproof-vibram-mt500-brown,Men's Leather Boots Waterproof Vibram MT500 Brown,SPORTS FOOTWEAR > Shoes > Waterproof Shoes,4.5,"Waterproof mid-ankle trekking shoes designed for hiking and outdoor trails, offering strong grip, durable construction, and comfortable cushioning for all-weather use.",16999,25999,35,"7, 8, 8.5, 9",Brown,SIMOND,IN-STOCK,Male
https://www.decathlon.in/p/8801288/men-s-leather-high-trekking-shoes-mt100,MEN's LEATHER HIGH TREKKING SHOES MT100,SPORTS FOOTWEAR > Shoes > Waterproof Shoes,4.4,"Waterproof mid-ankle trekking shoes designed for hiking and outdoor trails, offering strong grip, durable construction, and comfortable cushioning for all-weather use.",9999,14999,33,"6.5, 7, 8, 8.5, 9.5, 10.5, 11",Black,SIMOND,IN-STOCK,Male
https://www.decathlon.in/p/8801426/men-running-shoe-with-carbon-plate-kiprun-kd900x-white,"Men Running Shoe with Carbon Plate, Kiprun KD900X - White",SPORTS FOOTWEAR > Shoes > Running Shoes,4.5,Designed to run comfortably up to 20km a week.,15999,20799,23,None,None,KIPRUN,PRODUCT DISCONTINUED,Male
https://www.decathlon.in/p/8830177/men-s-kiprun-ks500-2-running-shoes-black-grey,MEN'S KIPRUN KS500 2 RUNNING SHOES - BLACK/GREY,SPORTS FOOTWEAR > Shoes > Running Shoes,4.6,Designed to run comfortably up to 20km a week.,5999,9099,34,8.5,Black/Grey,KIPRUN,IN-STOCK,Male
https://www.decathlon.in/p/8830227/men-running-shoe-cushioned-foam-sole-and-anti-slip-kd500-3-white-and-orange,"Men Running Shoe, Cushioned Foam Sole and Anti-Slip KD500 3 - White and Orange",SPORTS FOOTWEAR > Shoes > Running Shoes,4.7,Designed to run comfortably up to 20km a week.,7999,10399,23,9.5,White and Orange,KIPRUN,IN-STOCK,Male
https://www.decathlon.in/p/8841282/men-running-and-trail-running-shoes-kiprun-jf-190-grip-blue-and-orange,"Men Running and Trail Running Shoes, Kiprun JF 190 Grip - Blue and Orange",SPORTS FOOTWEAR > Shoes > Running Shoes,4.6,Designed to run comfortably up to 20km a week.,3299,3899,15,"6.5, 7, 8, 8.5, 9.5, 10.5", Blue and Orange,KIPRUN,IN-STOCK,Male
https://www.decathlon.in/p/8844091/men-s-hiking-boots-nh50-green,Men’s hiking boots NH50 - Green,SPORTS FOOTWEAR > Shoes > Hiking Shoes,4.5,"Our team of hiking enthusiasts designed these boots for your occasional walks on flatland, in the forest or on the coast in dry weather.",999,2999,67,"5.5, 6.5, 7, 8, 8.5, 9.5, 10.5, 11, 12",Green,QUECHUA,IN-STOCK,Male
https://www.decathlon.in/p/8844095/men-s-hiking-boots-nh50-black,Men’s hiking boots NH50 - Black,SPORTS FOOTWEAR > Shoes > Hiking Shoes,4.5,"Our team of hiking enthusiasts designed these boots for your occasional walks on flatland, in the forest or on the coast in dry weather.",999,2499,60,"5.5, 6.5, 7, 8, 8.5, 9.5, 10.5, 11, 13",Black,QUECHUA,IN-STOCK,Male
https://www.decathlon.in/p/8844602/men-running-shoes-superior-grip-cushioned-upto-10km-week-jogflow100-blue,"Men Running Shoes Superior Grip Cushioned Upto 10km/week, Jogflow100 - Blue",SPORTS FOOTWEAR > Shoes > Running Shoes,4.5,Designed to run comfortably up to 20km a week.,1599,2099,24,None,None,KALENJI,PRODUCT DISCONTINUED,Male
https://www.decathlon.in/p/8851583/men-waterproof-hiking-shoes-low-ankle-with-cushion-comfort-black-mh500,Men Waterproof Hiking Shoes Low Ankle with Cushion Comfort Black - MH500,SPORTS FOOTWEAR > Shoes > Hiking Shoes,4.7,"Our team of hiking enthusiasts designed these boots for your occasional walks on flatland, in the forest or on the coast in dry weather.",5999,10999,45,"5.5, 7, 8, 9.5, 12",Black,QUECHUA,IN-STOCK,Male
https://www.decathlon.in/p/8873070/men-s-running-shoes-kiprun-kipcore-grey,"Men's Running Shoes, Kiprun Kipcore Grey",SPORTS FOOTWEAR > Shoes > Running Shoes,4.8,Designed to run comfortably up to 20km a week.,4999,6499,23,"5.5, 6.5, 7, 8, 8.5, 9.5, 10.5, 11, 12",Grey,KIPRUN,IN-STOCK,Male
https://www.decathlon.in/p/8874411/men-running-shoes-superior-grip-cushioned-upto-20km-week-jogflow-190-1-blue,"Men Running Shoes Superior Grip Cushioned Upto 20km/week, Jogflow 190.1 - Blue",SPORTS FOOTWEAR > Shoes > Running Shoes,4.6,Designed to run comfortably up to 20km a week.,2499,2799,11,"8.5, 9.5",Blue,KIPRUN,IN-STOCK,Male
https://www.decathlon.in/p/8883621/men-running-and-trail-running-shoes-kiprun-jf-190-grip-black,"Men Running and Trail Running Shoes, Kiprun JF 190 Grip - Black",SPORTS FOOTWEAR > Shoes > Running Shoes,4.6,Designed to run comfortably up to 20km a week.,3299,3899,15,"5.5, 6.5, 7, 8, 8.5, 9.5, 10.5, 11, 12",Black,KIPRUN,IN-STOCK,Male
https://www.decathlon.in/p/8913737/men-running-shoes-superior-grip-cushioned-upto-10km-week-jogflow100-steel-blue,"Men Running Shoes Superior Grip Cushioned Upto 10km/week, Jogflow100 -Steel Blue",SPORTS FOOTWEAR > Shoes > Running Shoes,4.5,Designed to run comfortably up to 20km a week.,1599,2099,24,"5.5, 6.5, 7, 8, 8.5, 9.5, 10.5, 11, 12",Steel Blue,KALENJI,IN-STOCK,Male
https://www.decathlon.in/p/8913739/men-running-shoes-superior-grip-cushioned-upto-10km-week-jogflow100-green,"Men Running Shoes Superior Grip Cushioned Upto 10km/week, Jogflow100 - Green",SPORTS FOOTWEAR > Shoes > Running Shoes,4.5,Designed to run comfortably up to 20km a week.,1599,2099,24,"5.5, 6.5, 12",Green,KALENJI,IN-STOCK,Male
https://www.decathlon.in/p/8913740/men-running-shoes-superior-grip-cushioned-upto-10km-week-jogflow-frozen-green,"Men Running Shoes Superior Grip Cushioned Upto 10km/week, Jogflow - Frozen Green",SPORTS FOOTWEAR > Shoes > Running Shoes,4.5,Designed to run comfortably up to 20km a week.,1599,2099,24,"5.5, 6.5, 7, 8, 8.5, 9.5, 10.5, 11, 12",Frozen Green,KALENJI,IN-STOCK,Male
https://www.decathlon.in/p/8913741/men-running-shoes-superior-grip-cushioned-upto-10km-week-jogflow-cotton-white,"Men Running Shoes Superior Grip Cushioned Upto 10km/week, Jogflow - Cotton White",SPORTS FOOTWEAR > Shoes > Running Shoes,4.5,Designed to run comfortably up to 20km a week.,1599,2099,24,"8, 10.5",Cotton White,KALENJI,IN-STOCK,Male
https://www.decathlon.in/p/8913894/men-running-shoes-superior-grip-cushioned-upto-20km-week-jogflow-190-1-black,"Men Running Shoes Superior Grip Cushioned Upto 20km/week, Jogflow 190.1 - Black",SPORTS FOOTWEAR > Shoes > Running Shoes,4.6,Designed to run comfortably up to 20km a week.,2499,2949,15,6.5,Black,KIPRUN,IN-STOCK,Male
https://www.decathlon.in/p/8913896/men-running-shoes-superior-grip-cushioned-upto-20km-week-jogflow-190-1-blue,"Men Running Shoes Superior Grip Cushioned Upto 20km/week, Jogflow 190.1 - Blue",SPORTS FOOTWEAR > Shoes > Running Shoes,4.6,Designed to run comfortably up to 20km a week.,2499,3249,23,"5.5, 6.5, 7, 8, 8.5, 9.5, 10.5, 11, 12",Blue,KIPRUN,IN-STOCK,Male
https://www.decathlon.in/p/8913898/men-running-shoes-superior-grip-cushioned-upto-20km-week-jogflow-190-1-black,"Men Running Shoes Superior Grip Cushioned Upto 20km/week, Jogflow 190.1 - Black",SPORTS FOOTWEAR > Shoes > Running Shoes,4.6,Designed to run comfortably up to 20km a week.,2499,3249,23,"5.5, 6.5, 7, 8, 8.5, 9.5, 10.5, 11, 12",Black,KIPRUN,IN-STOCK,Male
https://www.decathlon.in/p/8913899/men-running-shoes-superior-grip-cushioned-upto-20km-week-jogflow-190-1-grey,"Men Running Shoes Superior Grip Cushioned Upto 20km/week, Jogflow 190.1 - Grey",SPORTS FOOTWEAR > Shoes > Running Shoes,4.6,Designed to run comfortably up to 20km a week.,1699,3249,48,5.5,Grey,KIPRUN,IN-STOCK,Male
https://www.decathlon.in/p/8913901/men-running-shoes-superior-grip-cushioned-upto-20km-week-jogflow-190-1-grey,"Men Running Shoes Superior Grip Cushioned Upto 20km/week, Jogflow 190.1 - Grey",SPORTS FOOTWEAR > Shoes > Running Shoes,4.6,Designed to run comfortably up to 20km a week.,2499,3249,23,"5.5, 6.5, 7, 8, 8.5, 9.5, 10.5, 11, 12",Grey,KIPRUN,IN-STOCK,Male
https://www.decathlon.in/p/8913903/men-running-shoes-superior-grip-cushioned-upto-20km-week-jogflow-190-1-blue,"Men Running Shoes Superior Grip Cushioned Upto 20km/week, Jogflow 190.1 - Blue",SPORTS FOOTWEAR > Shoes > Running Shoes,4.6,Designed to run comfortably up to 20km a week.,2499,3249,23,8,Blue,KIPRUN,IN-STOCK,Male
https://www.decathlon.in/p/8913912/men-running-and-trail-running-shoes-kiprun-jf-190-grip-blue,"Men Running and Trail Running Shoes, Kiprun JF 190 Grip - Blue",SPORTS FOOTWEAR > Shoes > Running Shoes,4.6,Designed to run comfortably up to 20km a week.,3299,3899,15,"5.5, 6.5, 7, 12",Blue,KIPRUN,IN-STOCK,Male
https://www.decathlon.in/p/8913917/men-running-and-trail-running-shoes-kiprun-jf-190-grip-flame-orange,"Men Running and Trail Running Shoes, Kiprun JF 190 Grip - Flame Orange",SPORTS FOOTWEAR > Shoes > Running Shoes,4.6,Designed to run comfortably up to 20km a week.,3299,4049,19,"5.5, 6.5, 7, 8, 8.5, 9.5, 10.5, 11, 12",Flame Orange,KIPRUN,IN-STOCK,Male
https://www.decathlon.in/p/8913926/men-running-and-trail-running-shoes-kiprun-jf-190-grip-silver-grey,"Men Running and Trail Running Shoes, Kiprun JF 190 Grip - Silver Grey",SPORTS FOOTWEAR > Shoes > Running Shoes,4.6,Designed to run comfortably up to 20km a week.,3299,3899,15,"5.5, 6.5, 7, 8, 8.5, 9.5, 10.5, 11, 12",Silver Grey,KIPRUN,IN-STOCK,Male
https://www.decathlon.in/p/8933795/men-s-badminton-shoes-blue,Men's Badminton Shoes - Blue,SPORTS FOOTWEAR > Shoes > Table Tennis Shoes,5,Beginner badminton player who starts discovering badminton on the court!,999,1299,23,"3, 4, 5, 5.5, 6.5, 7, 8, 8.5, 9.5, 10.5",Blue,KUIKMA,IN-STOCK,Male
https://www.decathlon.in/p/8961427/men-s-sports-shoes-essential-icon-black-white,Men's Sports Shoes Essential Icon - Black/White,SPORTS FOOTWEAR > Shoes > Gym Shoes,4.5,"Check out our multisport shoes with a perforated upper! Designed to support your every move, they can be tailored to suit your every activity.",1699,1949,13,"7, 8, 8.5, 9.5, 10.5", Black/White,DECATHLON,IN-STOCK,Male
https://www.decathlon.in/p/8983461/men-running-shoes-extremely-breathable-upto-10km-week-jogflow-150-breathe-red,"Men Running Shoes extremely breathable, Upto 10km/week, Jogflow 150 Breathe Red",SPORTS FOOTWEAR > Shoes > Running Shoes,4,Designed to run comfortably up to 20km a week.,1999,2599,23,"6.5, 7, 8, 8.5, 9.5, 10.5, 11",Breathe Red,KIPRUN,IN-STOCK,Male
https://www.decathlon.in/p/8983462/men-running-shoes-extremely-breathable-upto-10km-week-jogflow-150-breathe-blue,"Men Running Shoes extremely breathable, Upto 10km/week, Jogflow 150 Breathe Blue",SPORTS FOOTWEAR > Shoes > Running Shoes,4,Designed to run comfortably up to 20km a week.,1999,2599,23,"5.5, 6.5, 7, 8, 8.5, 9.5, 10.5, 11, 12",Breathe Blue,KIPRUN,IN-STOCK,Male
https://www.decathlon.in/p/8350125/kids-football-socks-f100-white,Kids Football Socks F100 - White,SPORTS CLOTHING > Sports Socks > Football Socks,4.7,Our teams created these ESSENTIAL football socks for young beginners playing once or twice a week on dry pitches,199,499,60,"9C-11.5C, 12C -1.5, 2.5-5",White,KIPSTA,IN-STOCK,Boys
https://www.decathlon.in/p/8351660/kids-tennis-non-marking-velcro-shoe-dark-blue,Kids Tennis Non-Marking Velcro Shoe - Dark Blue,SPORTS FOOTWEAR > Shoes > Tennis Shoes,4.7,The TS100 trainers have been designed for your child to wear for their everyday activities.,799,1299,38,5,Dark Blue,DECATHLON,IN-STOCK,Boys
https://www.decathlon.in/p/8351800/women-running-shoes-lightweight-run-100-grey,omen Running Shoes Lightweight Run 100 - GREY,SPORTS FOOTWEAR > Shoes > Running Shoes,4.7,Shoes that are comfortable to wear for anyone taking up a new sport.,999,1399,29,"3, 4, 5, 5.5, 6.5, 7, 8",Grey,DECATHLON,IN-STOCK,Women
https://www.decathlon.in/p/8367538/women-mid-ankle-winter-shoes-with-waterproofing-black-sh100,Women Mid Ankle Winter Shoes with Waterproofing Black - SH100,SPORTS FOOTWEAR > Shoes > Waterproof Shoes,4.7,"Waterproof mid-ankle trekking shoes designed for hiking and outdoor trails, offering strong grip, durable construction, and comfortable cushioning for all-weather use.",2999,4999,40,"3, 4, 5, 5.5, 6.5, 7, 8",Black,QUECHUA,IN-STOCK,Women
https://www.decathlon.in/p/8368186/kids-soft-trainers-water-repellent-rip-tab-shoe-soft-140-blue,"Kids Soft Trainers, Water Repellent, Rip-Tab Shoe, Soft 140 - Blue",SPORTS FOOTWEAR > Shoes > Kids Sports Shoes,4.7,he Soft 140 trainers are designed for your kids' everyday sports activities.,999,1699,41,"11.5C, 12C, 13C, 1, 1.5, 2.5, 3, 4, 5",Blue,DECATHLON,IN-STOCK,Boys
https://www.decathlon.in/p/8397090/women-low-ankle-waterproof-hiking-shoes-with-non-slip-outsole-grey-mh100,Women Low Ankle Waterproof Hiking Shoes with Non-Slip Outsole Grey - MH100,SPORTS FOOTWEAR > Shoes > Hiking Shoes,4.7,"Our team of hiking enthusiasts designed these boots for your occasional walks on flatland, in the forest or on the coast in dry weather.",3999,5999,33,"3, 4, 5, 5.5, 6.5, 7, 8",Grey,QUECHUA,IN-STOCK,Women
https://www.decathlon.in/p/8403098/kids-walking-velcro-shoes-100-grey,Kids Walking Velcro Shoes 100 - Grey,SPORTS FOOTWEAR > Shoes > Kids Sports Shoes,4.7,he Soft 140 trainers are designed for your kids' everyday sports activities.,999,1199,17,"11.5C, 12C, 13C, 1, 1.5, 2.5, 3, 4, 5",Grey,DECATHLON,IN-STOCK,Boys
https://www.decathlon.in/p/8403427/kids-walking-velcro-shoes-100-black,Kids Walking Velcro Shoes 100 - Black,SPORTS FOOTWEAR > Shoes > Kids Sports Shoes,4.7,he Soft 140 trainers are designed for your kids' everyday sports activities.,999,1199,17,"11.5C, 12C, 13C, 1, 1.5, 2.5, 3, 4, 5",Black,DECATHLON,IN-STOCK,Boys
https://www.decathlon.in/p/8486214/kids-unisex-slip-on-shoes-pw-500-fresh-turquoise,Kids Unisex Slip-On Shoes PW 500 Fresh - Turquoise,SPORTS FOOTWEAR > Shoes > Kids Sports Shoes,4.7,he Soft 140 trainers are designed for your kids' everyday sports activities.,1499,1999,25,11.5C,Turquoise,DECATHLON,IN-STOCK,Boys
https://www.decathlon.in/p/8486647/kids-soft-trainers-water-repellent-rip-tab-shoe-soft-140-smoked-black,"Kids Soft Trainers, Water Repellent, Rip-Tab Shoe, Soft 140 - Smoked Black",SPORTS FOOTWEAR > Shoes > Kids Sports Shoes,4.7,he Soft 140 trainers are designed for your kids' everyday sports activities.,999,1699,41,"11.5C, 12C, 13C, 1, 1.5, 2.5, 3, 4, 5",Smoked Black,DECATHLON,IN-STOCK,Boys
https://www.decathlon.in/p/8488757/run-cushion-comfortale-lite-antislip-women-running-shoes-turquoise-green,RUN CUSHION Comfortale Lite Antislip Women Running Shoes Turquoise Green,SPORTS FOOTWEAR > Shoes > Running Shoes,4.7,Shoes that are comfortable to wear for anyone taking up a new sport.,999,1699,41,"7, 8",Turquoise Green,KALENJI,IN-STOCK,Women
https://www.decathlon.in/p/8493370/women-water-resistant-mid-ankle-hiking-shoes-blue-grey-nh100,Women Water Resistant Mid Ankle Hiking Shoes Blue Grey - NH100,SPORTS FOOTWEAR > Shoes > Waterproof Shoes,4.6,"Waterproof mid-ankle trekking shoes designed for hiking and outdoor trails, offering strong grip, durable construction, and comfortable cushioning for all-weather use.",3599,4999,28,"3, 4, 5, 5.5, 6.5, 7, 8",Blue Grey,QUECHUA,IN-STOCK,Women
https://www.decathlon.in/p/8495633/kids-football-socks-f100-indigo-blue,KIds Football Socks F100 Indigo Blue,SPORTS CLOTHING > Sports Socks > Football Socks,4.7,Our teams created these ESSENTIAL football socks for young beginners playing once or twice a week on dry pitches,199,499,60,"9C-11.5C, 12C -1.5, 2.5-5",Indigo Blue,KIPSTA,IN-STOCK,Boys
https://www.decathlon.in/p/8505239/kids-running-velcro-shoes-at-easy-orange,Kids Running Velcro Shoes AT Easy - Orange,SPORTS FOOTWEAR > Shoes > Kids Sports Shoes,4.8,he Soft 140 trainers are designed for your kids' everyday sports activities.,1299,1699,24,"11.5C, 12C, 13C, 1, 1.5, 2.5, 3, 4, 5",Orange,DECATHLON,IN-STOCK,Boys
https://www.decathlon.in/p/8547237/kids-running-velcro-shoes-at-easy-blue,Kids Running Velcro Shoes AT Easy - Blue,SPORTS FOOTWEAR > Shoes > Kids Sports Shoes,4.8,he Soft 140 trainers are designed for your kids' everyday sports activities.,1299,1699,24,"11.5C, 12C, 13C, 1, 1.5, 2.5, 3, 4, 5",Blue,DECATHLON,IN-STOCK,Boys
https://www.decathlon.in/p/8553549/women-s-hiking-boots-nh50-grey,"Women’s hiking boots, NH50 - Grey",SPORTS FOOTWEAR > Shoes > Hiking Shoes,4.6,"Our team of hiking enthusiasts designed these boots for your occasional walks on flatland, in the forest or on the coast in dry weather.",999,2999,67,"3, 4, 5, 5.5, 6.5, 7, 8",Grey,QUECHUA,IN-STOCK,Women
https://www.decathlon.in/p/8641509/women-s-warm-and-waterproof-hiking-boots-nh500-mid-burgundy,Women's Warm and Waterproof Hiking Boots NH500 Mid - Burgundy,SPORTS FOOTWEAR > Shoes > Hiking Shoes,4.6,"Our team of hiking enthusiasts designed these boots for your occasional walks on flatland, in the forest or on the coast in dry weather.",4599,5999,23,"4, 5, 5.5, 6.5, 7, 8",Burgundy,QUECHUA,IN-STOCK,Women
https://www.decathlon.in/p/8642586/warm-hiking-socks-sh900-mountain-mid-grey,"Warm hiking socks, SH900 Mountain Mid - Grey",SPORTS CLOTHING > Sports Socks > Football Socks,4.7,Our teams created these ESSENTIAL football socks for young beginners playing once or twice a week on dry pitches,2499,4999,50,"2.5-5, 5.5-8, 8.5-11",Grey,QUECHUA,IN-STOCK,Boys
https://www.decathlon.in/p/8646078/kids-tennis-shoes-with-laces-ts500-fast-nightsky,Kids' Tennis Shoes with Laces TS500 Fast - Nightsky,SPORTS FOOTWEAR > Shoes > Kids Sports Shoes,4.6,he Soft 140 trainers are designed for your kids' everyday sports activities.,2499,2999,17,"2.5, 3, 4, 5",Nightsky,ARTENGO,IN-STOCK,Boys
https://www.decathlon.in/p/8649282/women-mid-ankle-hiking-shoes-black-nh100,Women Mid Ankle Hiking Shoes Black - NH100,SPORTS FOOTWEAR > Shoes > Hiking Shoes,4.5,"Our team of hiking enthusiasts designed these boots for your occasional walks on flatland, in the forest or on the coast in dry weather.",1999,2999,33,"3, 4, 5, 5.5, 6.5, 7, 8",Black,QUECHUA,IN-STOCK,Women
https://www.decathlon.in/p/8651887/kids-socks-5-pack-patterns,Kids' Socks 5-Pack - Patterns,SPORTS CLOTHING > Sports Socks > Football Socks,4.7,Our teams created these ESSENTIAL football socks for young beginners playing once or twice a week on dry pitches,599,899,33,"2.5, 9-11, 12-1.5",Pink,DECATHLON,IN-STOCK,Boys
https://www.decathlon.in/p/8651888/kids-socks-5-pack-patterns,Kids' Socks 5-Pack - Patterns,SPORTS CLOTHING > Sports Socks > Football Socks,4.7,Our teams created these ESSENTIAL football socks for young beginners playing once or twice a week on dry pitches,599,899,33,"2.5, 9-11, 12-1.6",Blue,DECATHLON,IN-STOCK,Boys
https://www.decathlon.in/p/8664339/kids-lace-up-tennis-shoes-essential-white-yellow,Kids' Lace-Up Tennis Shoes Essential - White & Yellow,SPORTS FOOTWEAR > Shoes > Kids Sports Shoes,4.8,he Soft 140 trainers are designed for your kids' everyday sports activities.,1999,2299,13,"2.5, 3, 4, 5",White and Yellow,ARTENGO,IN-STOCK,Boys
https://www.decathlon.in/p/8664341/kids-lace-up-essential-tennis-shoes-black-blue,Kids' Lace-Up Essential Tennis Shoes - Black & Blue,SPORTS FOOTWEAR > Shoes > Kids Sports Shoes,4.8,The Soft 140 trainers are designed for your kids' everyday sports activities.,1999,1999,0,"2.5, 3, 4, 5",Black & Blue,ARTENGO,IN-STOCK,Boys
https://www.decathlon.in/p/8664396/women-waterproof-hiking-shoes-mid-ankle-with-cushion-comfort-green-mh500,Women Waterproof Hiking Shoes Mid Ankle with Cushion Comfort Green - MH500,SPORTS FOOTWEAR > Shoes > Hiking Shoes,4.6,"Our team of hiking enthusiasts designed these boots for your occasional walks on flatland, in the forest or on the coast in dry weather.",6999,10999,36,"3, 5, 5.5,7",Green,QUECHUA,IN-STOCK,Women
https://www.decathlon.in/p/8669461/kids-mid-rise-beginner-basketball-shoes-se100-black,Kids Mid-Rise Beginner Basketball Shoes SE100 - Black,SPORTS FOOTWEAR > Shoes > Kids Sports Shoes,4.8,The Soft 140 trainers are designed for your kids' everyday sports activities.,1499,2599,42,"13C, 1, 1.5, 2.5, 3, 4, 5",Black,TARMAK,IN-STOCK,Boys
https://www.decathlon.in/p/8733480/women-running-shoes-lightweight-cushioned-upto-10km-week-jogflow-100-1-black,"Women Running Shoes Lightweight, Cushioned, Upto 10km/week, Jogflow 100.1- Black",SPORTS FOOTWEAR > Shoes > Running Shoes,4.7,Shoes that are comfortable to wear for anyone taking up a new sport.,1599,2499,36,"3, 4, 5, 5.5, 6.5, 7, 8",Black,KALENJI,IN-STOCK,Women
https://www.decathlon.in/p/8756995/women-s-warm-and-waterproof-hiking-boots-mh500-mid-black,Women’s Warm and Waterproof Hiking Boots MH500 Mid - Black,SPORTS FOOTWEAR > Shoes > Hiking Shoes,4.6,"Our team of hiking enthusiasts designed these boots for your occasional walks on flatland, in the forest or on the coast in dry weather.",8999,13999,36,"3, 4, 5, 5.5, 6.5, 7, 8",Black,QUECHUA,IN-STOCK,Women
https://www.decathlon.in/p/8757341/women-running-shoes-superior-grip-cushioned-upto-20km-week-jogflow-190-1-blue,"Women Running Shoes Superior Grip Cushioned Upto 20km/week, Jogflow 190.1 - Blue",SPORTS FOOTWEAR > Shoes > Running Shoes,4.7,Shoes that are comfortable to wear for anyone taking up a new sport.,1699,3249,48,"3, 4, 5, 5.5, 6.5, 7, 8",Blue,KIPRUN,IN-STOCK,Women
https://www.decathlon.in/p/8757342/women-running-shoes-superior-grip-cushioned-upto-20km-week-jogflow-190-1-lilac,"Women Running Shoes Superior Grip Cushioned Upto 20km/week, Jogflow 190.1 -Lilac",SPORTS FOOTWEAR > Shoes > Running Shoes,4.6,Shoes that are comfortable to wear for anyone taking up a new sport.,1699,3249,48,"5, 5.5, 7",Lilac,KIPRUN,IN-STOCK,Women
https://www.decathlon.in/p/8771309/kids-rip-tab-essential-kd-tennis-shoes-black-blue,Kids' Rip-Tab Essential KD Tennis Shoes - Black & Blue,SPORTS FOOTWEAR > Shoes > Tennis Shoes,4.8,The TS100 trainers have been designed for your child to wear for their everyday activities.,1999,1999,0,"11.5C, 12C, 13C, 1, 1.5",Black & Blue,ARTENGO,IN-STOCK,Boys
https://www.decathlon.in/p/8774167/women-walking-shoes-superior-grip-lightweight-slip-on-shoes-pw-160-black,"Women Walking shoes Superior Grip, Lightweight, Slip-On Shoes, PW 160 - Black",SPORTS FOOTWEAR > Shoes > Walking Shoes,4.7,This is an Occasional walking shoe which we advise using 1-2 times a week. Not to be used with any other sports. This shoe is designed only for walking.,1999,3499,43,"3, 4, 5, 5.5, 6.5, 7, 8",Black,DECATHLON,IN-STOCK,Women
https://www.decathlon.in/p/8800119/women-s-warm-and-waterproof-snow-hiking-boots-nh900-brown-leather,"Women’s warm and waterproof snow hiking boots, NH900 - Brown leather",SPORTS FOOTWEAR > Shoes > Hiking Shoes,4.8,"On hard and wet surfaces, these waterproof high-top boots are great for walking with excellent comfort",9999,13999,29,"3, 4, 5, 5.5, 6.5, 7, 8",Brown,QUECHUA,IN-STOCK,Women
https://www.decathlon.in/p/8851131/women-s-waterproof-high-rise-hiking-boots-mh100-grey-green,"Women’s waterproof high-rise hiking boots, MH100 - Grey/Green",SPORTS FOOTWEAR > Shoes > Hiking Shoes,4.8,"Our team of hiking enthusiasts designed these boots for your occasional walks on flatland, in the forest or on the coast in dry weather.",4999,7999,38,"3, 4, 5, 5.5, 6.5, 7, 8",Green/Grey,QUECHUA,IN-STOCK,Women
https://www.decathlon.in/p/8871992/kids-ski-and-snowboard-socks-500-blue-patterned,KIDS’ SKI AND SNOWBOARD SOCKS 500 - BLUE PATTERNED,SPORTS CLOTHING > Sports Socks > Football Socks,4.7,Our teams created these ESSENTIAL football socks for young beginners playing once or twice a week on dry pitches,499,649,23,"9C-11.5C, 12C -1.5, 2.5-5",Blue,WEDZE,IN-STOCK,Boys
https://www.decathlon.in/p/8872050/junior-badminton-shoes-bs-190-blue-navy,Junior Badminton Shoes BS 190 Blue Navy,SPORTS FOOTWEAR > Shoes > Kids Sports Shoes,4.6,The Soft 140 trainers are designed for your kids' everyday sports activities.,1999,2999,33,"1, 1.5, 2.5, 3, 4, 5",Blue Navy,KUIKMA,IN-STOCK,Boys
https://www.decathlon.in/p/8912487/kids-unisex-multisports-durable-shoes-playventure-yard-purple-green,Kids' Unisex Multisports Durable Shoes Playventure Yard - Purple/Green,SPORTS FOOTWEAR > Shoes > Kids Sports Shoes,4.6,The Soft 140 trainers are designed for your kids' everyday sports activities.,1999,2499,20,"11.5C, 12C, 13C, 1, 1.5, 2.5, 3, 4, 5",Purple/Green,DECATHLON,IN-STOCK,Boys
https://www.decathlon.in/p/8913940/women-running-shoes-lightweight-cushioned-upto-10km-week-jogflow-100-1-grey,"Women Running Shoes Lightweight, Cushioned, Upto 10km/week, Jogflow 100.1 - Grey",SPORTS FOOTWEAR > Shoes > Running Shoes,4.7,Shoes that are comfortable to wear for anyone taking up a new sport.,1599,2349,32,"3, 4, 5, 5.5, 6.5, 7, 8",Grey,KALENJI,IN-STOCK,Women
https://www.decathlon.in/p/8913945/women-running-shoes-lightweight-cushioned-upto-10km-week-jogflow-100-1-green,"Women Running Shoes Lightweight, Cushioned, Upto 10km/week, Jogflow 100.1 -Green",SPORTS FOOTWEAR > Shoes > Running Shoes,4.7,Shoes that are comfortable to wear for anyone taking up a new sport.,1599,2349,32,"3, 4, 5, 5.5, 6.5, 7, 8",Green,KALENJI,IN-STOCK,Women
https://www.decathlon.in/p/8913965/jf190-grip-women-s-running-and-trail-shoes-black-pink,JF190 Grip Women's Running and Trail Shoes-Black/Pink,SPORTS FOOTWEAR > Shoes > Running Shoes,4.7,Shoes that are comfortable to wear for anyone taking up a new sport.,3299,4049,19,"3, 4, 5, 5.5, 6.5, 7, 8",Black/Pink,KALENJI,IN-STOCK,Women
https://www.decathlon.in/p/8913975/women-s-running-and-trail-shoes-jf190-grip-grey-pink,"Women's Running and Trail shoes, JF190 Grip Grey Pink",SPORTS FOOTWEAR > Shoes > Running Shoes,4.7,Shoes that are comfortable to wear for anyone taking up a new sport.,3299,4049,19,"4, 5, 5.5, 6.5, 7, 8",Grey Pink,KALENJI,IN-STOCK,Women
https://www.decathlon.in/p/8941903/kids-football-boots-160-mg-neon-green,Kids' Football Boots 160 MG - Neon Green,SPORTS FOOTWEAR > Shoes > Kids Sports Shoes,4.7,The Soft 140 trainers are designed for your kids' everyday sports activities.,1499,2999,50,"11.5C, 12C, 13C, 1, 1.5, 2.5, 3, 4, 5",Neon Green,KIPSTA,IN-STOCK,Boys
https://www.decathlon.in/p/8943975/adult-futsal-trainers-100-black-caramel,Adult Futsal Trainers 100-Black/Caramel,SPORTS FOOTWEAR > Football Shoes > Futsal Shoes,4.7,We developed these trainers for young indoor football (or futsal) beginners who are learning their first technical moves.,1499,2999,50,"5.5, 6.5, 7, 8, 8.5,10.5",Black/Caramel,KIPSTA,IN-STOCK,Boys
