product_url,product_name,brand,selling_price,mrp,product_in_stock
https://www.decathlon.in/p/8319097/men-waterproof-trekking-shoes-mid-ankle-with-cross-contact-grip-grey-mt100,Men Waterproof Trekking Shoes Mid Ankle with Cross-Contact Grip Grey - MT100,UNKNOWN,399,28999,True
https://www.decathlon.in/p/8351755/men-running-shoes-everyday-shoes-with-cushioning-ekiden-one-grey,"Men Running Shoes Everyday Shoes with Cushioning, Ekiden One - Grey",UNKNOWN,199,7999,True
https://www.decathlon.in/p/8367617/men-s-warm-and-waterproof-hiking-boots-nh100-high-black,"Men’s warm and waterproof hiking boots, NH100 High - Black",UNKNOWN,99,13999,True
https://www.decathlon.in/p/8381475/men-running-shoes-comfort-fit-upto-10km-week-run-active-slate-grey,"Men Running Shoes Comfort Fit, Upto 10km/week, Run Active - Slate Grey",UNKNOWN,199,9099,True
https://www.decathlon.in/p/8486177/men-walking-shoes-with-breathable-mesh-cushioning-pw-100-grey,"Men Walking Shoes with Breathable Mesh, Cushioning, PW 100 - Grey",UNKNOWN,79,21999,True
https://www.decathlon.in/p/8502616/men-s-warm-and-waterproof-hiking-boots-sh500-mountain-mid,Men’s Warm and Waterproof Hiking Boots - SH500 mountain MID,UNKNOWN,199,13999,True
https://www.decathlon.in/p/8502824/men-walking-shoes-with-breathable-mesh-cushioning-pw-100-black,"Men Walking Shoes with Breathable Mesh, Cushioning, PW 100 - Black",UNKNOWN,79,21999,True
https://www.decathlon.in/p/8503792/men-low-ankle-waterproof-hiking-shoes-with-non-slip-outsole-blue-mh100,Men Low Ankle Waterproof Hiking Shoes with Non-Slip Outsole Blue - MH100,UNKNOWN,199,13999,True
https://www.decathlon.in/p/8503796/men-low-ankle-waterproof-hiking-shoes-with-non-slip-outsole-grey-mh100,Men Low Ankle Waterproof Hiking Shoes with Non-Slip Outsole Grey - MH100,UNKNOWN,199,13999,True
https://www.decathlon.in/p/8544960/men-warm-waterproof-hiking-boots-nh500-mid-brown,"Men warm, waterproof hiking boots, NH500 Mid - Brown",UNKNOWN,199,21999,True
https://www.decathlon.in/p/8550247/men-waterproof-trekking-shoes-high-ankle-with-contact-grip-khaki-mt100,Men Waterproof Trekking Shoes High Ankle with CONTACT® Grip Khaki - MT100,UNKNOWN,399,21999,True
https://www.decathlon.in/p/8553119/men-mid-ankle-waterproof-hiking-shoes-with-non-slip-outsole-black-mh100,Men Mid Ankle Waterproof Hiking Shoes with Non-Slip Outsole Black - MH100,UNKNOWN,299,13999,True
https://www.decathlon.in/p/8553121/men-mid-ankle-waterproof-hiking-shoes-with-non-slip-outsole-khaki-mh100,Men Mid Ankle Waterproof Hiking Shoes with Non-Slip Outsole Khaki - MH100,UNKNOWN,299,13999,True
https://www.decathlon.in/p/8554249/men-running-shoes-daily-with-cushioning-comfort-fit-run-comfort-black,"Men Running Shoes Daily with Cushioning, Comfort Fit, Run Comfort - Black",UNKNOWN,99,9099,True
https://www.decathlon.in/p/8554571/men-water-resistant-mid-ankle-hiking-shoes-brown-nh150,Men Water Resistant Mid Ankle Hiking Shoes Brown - NH150,UNKNOWN,299,21999,True
https://www.decathlon.in/p/8554574/men-water-resistant-mid-ankle-hiking-shoes-beige-nh150,Men Water Resistant Mid Ankle Hiking Shoes Beige - NH150,UNKNOWN,299,21999,True
https://www.decathlon.in/p/8555093/men-s-mountain-hiking-shoes-mh100-grey,Men's mountain hiking shoes MH100 Grey,UNKNOWN,79,13999,True
https://www.decathlon.in/p/8559091/men-running-shoes-comfort-fit-upto-10km-week-run-active-carmine-red,"Men Running Shoes Comfort Fit, Upto 10km/week, Run Active - Blue and Brown",UNKNOWN,199,9099,True
https://www.decathlon.in/p/8607728/men-running-shoes-everyday-shoes-with-cushioning-run-one-blue,"Men Running Shoes Everyday Shoes with Cushioning, Run One - Blue",UNKNOWN,199,7999,True
https://www.decathlon.in/p/8618759/men-waterproof-hiking-shoes-low-ankle-with-cushion-comfort-blue-mh500,Men Waterproof Hiking Shoes Low Ankle with Cushion Comfort Blue - MH500,UNKNOWN,199,24999,True
https://www.decathlon.in/p/8618767/men-waterproof-hiking-shoes-mid-ankle-with-cushion-comfort-brown-mh500,Men Waterproof Hiking Shoes Mid Ankle with Cushion Comfort Brown - MH500,UNKNOWN,199,21999,True
https://www.decathlon.in/p/8618769/men-waterproof-hiking-shoes-mid-ankle-with-cushion-comfort-grey-mh500,Men Waterproof Hiking Shoes Mid Ankle with Cushion Comfort Grey - MH500,UNKNOWN,199,21999,True
https://www.decathlon.in/p/8640887/men-s-warm-and-waterproof-hiking-boots-sh100-mid-height,Men’s warm and waterproof hiking boots - SH100 Mid-height,UNKNOWN,199,21999,True
https://www.decathlon.in/p/8645925/men-s-waterproof-durable-hunting-boots-crosshunt-120-resist-brown,Men’s Waterproof Durable Hunting Boots Crosshunt 120 Resist Brown,UNKNOWN,199,21999,True
https://www.decathlon.in/p/8665507/men-running-shoes-daily-with-cushioning-comfort-fit-run-comfort-khaki-grey,"Men Running Shoes Daily with Cushioning, Comfort Fit, Run Comfort - Khaki Grey",UNKNOWN,99,9099,True
https://www.decathlon.in/p/8665669/men-s-warm-and-waterproof-hiking-boots-mh500-mid-black,"Men’s warm and waterproof hiking boots, MH500 Mid - Black",UNKNOWN,399,21999,True
https://www.decathlon.in/p/8670184/men-running-shoes-comfort-fit-upto-10km-week-run-active-denim-blue,"Men Running Shoes Comfort Fit, Upto 10km/week, Run Active - Denim Blue",UNKNOWN,199,21999,True
https://www.decathlon.in/p/8670185/men-running-shoes-comfort-fit-upto-10km-week-run-active-blue-and-brown,"Men Running Shoes Comfort Fit, Upto 10km/week, Run Active - Blue and Brown",UNKNOWN,199,9099,True
https://www.decathlon.in/p/8670187/men-running-shoes-comfort-fit-upto-10km-week-run-active-black-and-orange,"Men Running Shoes Comfort Fit, Upto 10km/week, Run Active - Black and Orange",UNKNOWN,199,9099,True
https://www.decathlon.in/p/8670191/men-running-shoe-cushioned-foam-sole-and-breathable-jogflow-500-1-carbon-grey,"Men Running Shoe, Cushioned Foam Sole and Breathable JOGFLOW 500.1 - Carbon Grey",UNKNOWN,399,21999,True
https://www.decathlon.in/p/8670196/men-running-shoe-cushioned-foam-sole-and-breathable-jogflow-500-1-black,"Men Running Shoe, Cushioned Foam Sole and Breathable JOGFLOW 500.1 - Black",UNKNOWN,399,9099,True
https://www.decathlon.in/p/8733461/men-running-shoes-superior-grip-cushioned-upto-10km-week-jogflow100-sage-green,"Men Running Shoes Superior Grip Cushioned Upto 10km/week, Jogflow100 -Sage Green",UNKNOWN,199,9099,True
https://www.decathlon.in/p/8733464/men-running-shoes-superior-grip-cushioned-upto-10km-week-jogflow100-black,"Men Running Shoes Superior Grip Cushioned Upto 10km/week, Jogflow100 - Black",UNKNOWN,199,9099,True
https://www.decathlon.in/p/8733468/men-running-shoes-superior-grip-cushioned-upto-10km-week-jogflow100-red,"Men Running Shoes Superior Grip Cushioned Upto 10km/week, Jogflow100 - Red",UNKNOWN,199,21999,True
https://www.decathlon.in/p/8733469/men-running-shoes-superior-grip-cushioned-upto-10km-week-jogflow100-navy-blue,"Men Running Shoes Superior Grip Cushioned Upto 10km/week, Jogflow100 - Navy Blue",UNKNOWN,199,9099,True
https://www.decathlon.in/p/8733470/men-running-shoes-superior-grip-cushioned-upto-10km-week-jogflow100-grey,"Men Running Shoes Superior Grip Cushioned Upto 10km/week, Jogflow100 - Grey",UNKNOWN,199,9099,True
https://www.decathlon.in/p/8738058/men-s-warm-and-waterproof-hiking-boots-nh500-mid-black,Men’s Warm and Waterproof Hiking Boots NH500 Mid - Black,UNKNOWN,199,14999,True
https://www.decathlon.in/p/8756701/men-mid-ankle-hiking-shoes-black-nh100,Men Mid Ankle Hiking Shoes Black - NH100,UNKNOWN,99,13999,True
https://www.decathlon.in/p/8757257/men-lightweight-low-ankle-hiking-shoes-blue-nh150,Men Lightweight Low Ankle Hiking Shoes Blue - NH150,UNKNOWN,199,13999,True
https://www.decathlon.in/p/8757332/men-running-shoes-superior-grip-cushioned-upto-20km-week-jogflow-190-1-white,"Men Running Shoes Superior Grip Cushioned Upto 20km/week, Jogflow 190.1 - White",UNKNOWN,199,13999,True
https://www.decathlon.in/p/8757333/men-running-shoes-superior-grip-cushioned-upto-20km-week-jogflow-190-1-blue,"Men Running Shoes Superior Grip Cushioned Upto 20km/week, Jogflow 190.1 - Blue",UNKNOWN,199,9999,True
https://www.decathlon.in/p/8757334/men-running-shoes-superior-grip-cushioned-upto-20km-week-jogflow-190-1-grey,"Men Running Shoes Superior Grip Cushioned Upto 20km/week, Jogflow 190.1 - Grey",UNKNOWN,199,9999,True
https://www.decathlon.in/p/8757335/men-running-shoes-superior-grip-cushioned-upto-20km-week-jogflow-190-1-black,"Men Running Shoes Superior Grip Cushioned Upto 20km/week, Jogflow 190.1 - Black",UNKNOWN,199,13999,True
https://www.decathlon.in/p/8759438/waterproof-boots-crosshunt-110-heritage-brown,WATERPROOF BOOTS CROSSHUNT 110 HERITAGE - BROWN,UNKNOWN,699,28999,True
https://www.decathlon.in/p/8767616/men-low-ankle-leather-hiking-shoes-with-built-in-socks-nh500,Men Low Ankle Leather Hiking Shoes with Built-in Socks - NH500,UNKNOWN,299,18999,True
https://www.decathlon.in/p/8767618/men-s-hiking-shoes-arpenaz-500-revival,Men's Hiking shoes - ARPENAZ 500 REVIVAL,UNKNOWN,299,18999,True
https://www.decathlon.in/p/8767790/run-active-grip-lightweight-cushioned-men-running-shoes-max-10-km-wk-white,RUN ACTIVE GRIP Lightweight Cushioned Men Running Shoes max 10 km/wk - White,UNKNOWN,399,13999,True
https://www.decathlon.in/p/8772865/men-s-kiprun-ks500-2-running-shoes-black-yellow,MEN'S KIPRUN KS500 2 RUNNING SHOES - BLACK/YELLOW,UNKNOWN,259,13999,True
https://www.decathlon.in/p/8786155/men-s-leather-boots-waterproof-vibram-mt500-brown,Men's Leather Boots Waterproof Vibram MT500 Brown,UNKNOWN,199,25999,True
https://www.decathlon.in/p/8801288/men-s-leather-high-trekking-shoes-mt100,MEN's LEATHER HIGH TREKKING SHOES MT100,UNKNOWN,399,18999,True
https://www.decathlon.in/p/8801426/men-running-shoe-with-carbon-plate-kiprun-kd900x-white,"Men Running Shoe with Carbon Plate, Kiprun KD900X - White",UNKNOWN,199,20799,True
https://www.decathlon.in/p/8830177/men-s-kiprun-ks500-2-running-shoes-black-grey,MEN'S KIPRUN KS500 2 RUNNING SHOES - BLACK/GREY,UNKNOWN,259,14999,True
https://www.decathlon.in/p/8830227/men-running-shoe-cushioned-foam-sole-and-anti-slip-kd500-3-white-and-orange,"Men Running Shoe, Cushioned Foam Sole and Anti-Slip KD500 3 - White and Orange",UNKNOWN,199,10399,True
https://www.decathlon.in/p/8841282/men-running-and-trail-running-shoes-kiprun-jf-190-grip-blue-and-orange,"Men Running and Trail Running Shoes, Kiprun JF 190 Grip - Blue and Orange",UNKNOWN,199,14999,True
https://www.decathlon.in/p/8844091/men-s-hiking-boots-nh50-green,Men’s hiking boots NH50 - Green,UNKNOWN,99,14999,True
https://www.decathlon.in/p/8844095/men-s-hiking-boots-nh50-black,Men’s hiking boots NH50 - Black,UNKNOWN,99,14999,True
https://www.decathlon.in/p/8844602/men-running-shoes-superior-grip-cushioned-upto-10km-week-jogflow100-blue,"Men Running Shoes Superior Grip Cushioned Upto 10km/week, Jogflow100 - Blue",UNKNOWN,199,14999,True
https://www.decathlon.in/p/8851583/men-waterproof-hiking-shoes-low-ankle-with-cushion-comfort-black-mh500,Men Waterproof Hiking Shoes Low Ankle with Cushion Comfort Black - MH500,UNKNOWN,199,24999,True
https://www.decathlon.in/p/8873070/men-s-running-shoes-kiprun-kipcore-grey,"Men's Running Shoes, Kiprun Kipcore Grey",UNKNOWN,199,9099,True
https://www.decathlon.in/p/8874411/men-running-shoes-superior-grip-cushioned-upto-20km-week-jogflow-190-1-blue,"Men Running Shoes Superior Grip Cushioned Upto 20km/week, Jogflow 190.1 - Blue",UNKNOWN,199,14999,True
https://www.decathlon.in/p/8883621/men-running-and-trail-running-shoes-kiprun-jf-190-grip-black,"Men Running and Trail Running Shoes, Kiprun JF 190 Grip - Black",UNKNOWN,199,14999,True
https://www.decathlon.in/p/8913737/men-running-shoes-superior-grip-cushioned-upto-10km-week-jogflow100-steel-blue,"Men Running Shoes Superior Grip Cushioned Upto 10km/week, Jogflow100 -Steel Blue",UNKNOWN,199,9099,True
https://www.decathlon.in/p/8913739/men-running-shoes-superior-grip-cushioned-upto-10km-week-jogflow100-green,"Men Running Shoes Superior Grip Cushioned Upto 10km/week, Jogflow100 - Green",UNKNOWN,199,13999,True
https://www.decathlon.in/p/8913740/men-running-shoes-superior-grip-cushioned-upto-10km-week-jogflow-frozen-green,"Men Running Shoes Superior Grip Cushioned Upto 10km/week, Jogflow - Frozen Green",UNKNOWN,199,9099,True
https://www.decathlon.in/p/8913741/men-running-shoes-superior-grip-cushioned-upto-10km-week-jogflow-cotton-white,"Men Running Shoes Superior Grip Cushioned Upto 10km/week, Jogflow - Cotton White",UNKNOWN,199,13999,True
https://www.decathlon.in/p/8913894/men-running-shoes-superior-grip-cushioned-upto-20km-week-jogflow-190-1-black,"Men Running Shoes Superior Grip Cushioned Upto 20km/week, Jogflow 190.1 - Black",UNKNOWN,199,9999,True
https://www.decathlon.in/p/8913896/men-running-shoes-superior-grip-cushioned-upto-20km-week-jogflow-190-1-blue,"Men Running Shoes Superior Grip Cushioned Upto 20km/week, Jogflow 190.1 - Blue",UNKNOWN,199,21999,True
https://www.decathlon.in/p/8913898/men-running-shoes-superior-grip-cushioned-upto-20km-week-jogflow-190-1-black,"Men Running Shoes Superior Grip Cushioned Upto 20km/week, Jogflow 190.1 - Black",UNKNOWN,199,13999,True
https://www.decathlon.in/p/8913899/men-running-shoes-superior-grip-cushioned-upto-20km-week-jogflow-190-1-grey,"Men Running Shoes Superior Grip Cushioned Upto 20km/week, Jogflow 190.1 - Grey",UNKNOWN,199,9999,True
https://www.decathlon.in/p/8913901/men-running-shoes-superior-grip-cushioned-upto-20km-week-jogflow-190-1-grey,"Men Running Shoes Superior Grip Cushioned Upto 20km/week, Jogflow 190.1 - Grey",UNKNOWN,199,9999,True
https://www.decathlon.in/p/8913903/men-running-shoes-superior-grip-cushioned-upto-20km-week-jogflow-190-1-blue,"Men Running Shoes Superior Grip Cushioned Upto 20km/week, Jogflow 190.1 - Blue",UNKNOWN,199,13999,True
https://www.decathlon.in/p/8913912/men-running-and-trail-running-shoes-kiprun-jf-190-grip-blue,"Men Running and Trail Running Shoes, Kiprun JF 190 Grip - Blue",UNKNOWN,199,21999,True
https://www.decathlon.in/p/8913917/men-running-and-trail-running-shoes-kiprun-jf-190-grip-flame-orange,"Men Running and Trail Running Shoes, Kiprun JF 190 Grip - Flame Orange",UNKNOWN,199,15999,True
https://www.decathlon.in/p/8913926/men-running-and-trail-running-shoes-kiprun-jf-190-grip-silver-grey,"Men Running and Trail Running Shoes, Kiprun JF 190 Grip - Silver Grey",UNKNOWN,199,24999,True
https://www.decathlon.in/p/8933795/men-s-badminton-shoes-blue,Men's Badminton Shoes - Blue,UNKNOWN,299,24999,True
https://www.decathlon.in/p/8961427/men-s-sports-shoes-essential-icon-black-white,Men's Sports Shoes Essential Icon - Black/White,UNKNOWN,199,64999,True
https://www.decathlon.in/p/8983461/men-running-shoes-extremely-breathable-upto-10km-week-jogflow-150-breathe-red,"Men Running Shoes extremely breathable, Upto 10km/week, Jogflow 150 Breathe Red",UNKNOWN,199,13999,True
https://www.decathlon.in/p/8983462/men-running-shoes-extremely-breathable-upto-10km-week-jogflow-150-breathe-blue,"Men Running Shoes extremely breathable, Upto 10km/week, Jogflow 150 Breathe Blue",UNKNOWN,199,21999,True
