Product_URL,Product_Name,Brand,Category,Original_Price,Discounted_Price,Rating,Review_Count,Availability,Colors,Sizes
https://www.decathlon.in/p/8319097/men-waterproof-trekking-shoes-mid-ankle-with-cross-contact-grip-grey-mt100,Men Waterproof Trekking Shoes Mid Ankle with Cross-Contact Grip Grey - MT100,Men,Hiking & Trekking,₹28999,₹399,4.58 | 1.4k,Not Available,In Stock,Not Available,Not Available
https://www.decathlon.in/p/8351755/men-running-shoes-everyday-shoes-with-cushioning-ekiden-one-grey,"Men Running Shoes Everyday Shoes with Cushioning, Ekiden One - Grey",Men,Jogging,₹45000,₹199,4.55 | 12k,Not Available,Out of Stock,Not Available,Not Available
https://www.decathlon.in/p/8367617/men-s-warm-and-waterproof-hiking-boots-nh100-high-black,"Men’s warm and waterproof hiking boots, NH100 High - Black",Men’s,Hiking & Trekking,₹28999,₹99,4.58 | 1.4k,Not Available,Out of Stock,Not Available,Not Available
https://www.decathlon.in/p/8381475/men-running-shoes-comfort-fit-upto-10km-week-run-active-slate-grey,"Men Running Shoes Comfort Fit, Upto 10km/week, Run Active - Slate Grey",Men,Jogging,₹9099,₹199,4.48 | 5.1k,Not Available,Out of Stock,Not Available,Not Available
https://www.decathlon.in/p/8486177/men-walking-shoes-with-breathable-mesh-cushioning-pw-100-grey,"Men Walking Shoes with Breathable Mesh, Cushioning, PW 100 - Grey",Men,Occasional,₹21999,₹79,4.58 | 1.4k,Not Available,Out of Stock,Not Available,Not Available
https://www.decathlon.in/p/8502616/men-s-warm-and-waterproof-hiking-boots-sh500-mountain-mid,Men’s Warm and Waterproof Hiking Boots - SH500 mountain MID,Men’s,Hiking & Trekking,₹21999,₹199,4.65 | 5.4k,Not Available,Out of Stock,Not Available,Not Available
https://www.decathlon.in/p/8502824/men-walking-shoes-with-breathable-mesh-cushioning-pw-100-black,"Men Walking Shoes with Breathable Mesh, Cushioning, PW 100 - Black",Men,Occasional,₹21999,₹79,4.58 | 1.4k,Not Available,Out of Stock,Not Available,Not Available
https://www.decathlon.in/p/8503792/men-low-ankle-waterproof-hiking-shoes-with-non-slip-outsole-blue-mh100,Men Low Ankle Waterproof Hiking Shoes with Non-Slip Outsole Blue - MH100,Men,Hiking & Trekking,₹21999,₹199,4.65 | 5.4k,Not Available,Out of Stock,Not Available,Not Available
https://www.decathlon.in/p/8503796/men-low-ankle-waterproof-hiking-shoes-with-non-slip-outsole-grey-mh100,Men Low Ankle Waterproof Hiking Shoes with Non-Slip Outsole Grey - MH100,Men,Hiking & Trekking,₹21999,₹199,4.65 | 5.4k,Not Available,Out of Stock,Not Available,Not Available
https://www.decathlon.in/p/8544960/men-warm-waterproof-hiking-boots-nh500-mid-brown,"Men warm, waterproof hiking boots, NH500 Mid - Brown",Men,Hiking & Trekking,₹21999,₹199,4.65 | 5.4k,Not Available,Out of Stock,Not Available,Not Available
https://www.decathlon.in/p/8550247/men-waterproof-trekking-shoes-high-ankle-with-contact-grip-khaki-mt100,Men Waterproof Trekking Shoes High Ankle with CONTACT® Grip Khaki - MT100,Men,Hiking & Trekking,₹25999,₹299,4.66 | 360,Not Available,Out of Stock,Not Available,Not Available
https://www.decathlon.in/p/8553119/men-mid-ankle-waterproof-hiking-shoes-with-non-slip-outsole-black-mh100,Men Mid Ankle Waterproof Hiking Shoes with Non-Slip Outsole Black - MH100,Men,Hiking & Trekking,₹21999,₹299,4.65 | 5.4k,Not Available,Out of Stock,Not Available,Not Available
https://www.decathlon.in/p/8553121/men-mid-ankle-waterproof-hiking-shoes-with-non-slip-outsole-khaki-mh100,Men Mid Ankle Waterproof Hiking Shoes with Non-Slip Outsole Khaki - MH100,Men,Hiking & Trekking,₹21999,₹299,4.65 | 5.4k,Not Available,Out of Stock,Not Available,Not Available
https://www.decathlon.in/p/8554249/men-running-shoes-daily-with-cushioning-comfort-fit-run-comfort-black,"Men Running Shoes Daily with Cushioning, Comfort Fit, Run Comfort - Black",Men,Jogging,₹18999,₹99,4.55 | 12k,Not Available,Out of Stock,Not Available,Not Available
https://www.decathlon.in/p/8554571/men-water-resistant-mid-ankle-hiking-shoes-brown-nh150,Men Water Resistant Mid Ankle Hiking Shoes Brown - NH150,Men,Hiking & Trekking,₹21999,₹299,4.58 | 1.4k,Not Available,Out of Stock,Not Available,Not Available
https://www.decathlon.in/p/8554574/men-water-resistant-mid-ankle-hiking-shoes-beige-nh150,Men Water Resistant Mid Ankle Hiking Shoes Beige - NH150,Men,Hiking & Trekking,₹21999,₹299,4.58 | 1.4k,Not Available,Out of Stock,Not Available,Not Available
https://www.decathlon.in/p/8555093/men-s-mountain-hiking-shoes-mh100-grey,Men's mountain hiking shoes MH100 Grey,Men's,Hiking & Trekking,₹21999,₹79,4.65 | 5.4k,Not Available,Out of Stock,Not Available,Not Available
https://www.decathlon.in/p/8559091/men-running-shoes-comfort-fit-upto-10km-week-run-active-carmine-red,"Men Running Shoes Comfort Fit, Upto 10km/week, Run Active - Blue and Brown",Men,Jogging,₹9099,₹199,4.48 | 5.1k,Not Available,Out of Stock,Not Available,Not Available
https://www.decathlon.in/p/8607728/men-running-shoes-everyday-shoes-with-cushioning-run-one-blue,"Men Running Shoes Everyday Shoes with Cushioning, Run One - Blue",Men,Jogging,₹21999,₹199,4.55 | 12k,Not Available,Out of Stock,Not Available,Not Available
https://www.decathlon.in/p/8618759/men-waterproof-hiking-shoes-low-ankle-with-cushion-comfort-blue-mh500,Men Waterproof Hiking Shoes Low Ankle with Cushion Comfort Blue - MH500,Men,Hiking & Trekking,₹24999,₹199,4.65 | 5.4k,Not Available,Out of Stock,Not Available,Not Available
https://www.decathlon.in/p/8618767/men-waterproof-hiking-shoes-mid-ankle-with-cushion-comfort-brown-mh500,Men Waterproof Hiking Shoes Mid Ankle with Cushion Comfort Brown - MH500,Men,Hiking & Trekking,₹21999,₹199,4.65 | 5.4k,Not Available,Out of Stock,Not Available,Not Available
https://www.decathlon.in/p/8618769/men-waterproof-hiking-shoes-mid-ankle-with-cushion-comfort-grey-mh500,Men Waterproof Hiking Shoes Mid Ankle with Cushion Comfort Grey - MH500,Men,Hiking & Trekking,₹21999,₹199,4.65 | 5.4k,Not Available,Out of Stock,Not Available,Not Available
https://www.decathlon.in/p/8640887/men-s-warm-and-waterproof-hiking-boots-sh100-mid-height,Men’s warm and waterproof hiking boots - SH100 Mid-height,Men’s,Hiking & Trekking,₹21999,₹199,4.55 | 12k,Not Available,Out of Stock,Not Available,Not Available
https://www.decathlon.in/p/8645925/men-s-waterproof-durable-hunting-boots-crosshunt-120-resist-brown,Men’s Waterproof Durable Hunting Boots Crosshunt 120 Resist Brown,Men’s,Occasional,₹21999,₹199,4.65 | 5.4k,Not Available,Out of Stock,Not Available,Not Available
https://www.decathlon.in/p/8665507/men-running-shoes-daily-with-cushioning-comfort-fit-run-comfort-khaki-grey,"Men Running Shoes Daily with Cushioning, Comfort Fit, Run Comfort - Khaki Grey",Men,Jogging,₹21999,₹99,4.55 | 12k,Not Available,Out of Stock,Not Available,Not Available
https://www.decathlon.in/p/8665669/men-s-warm-and-waterproof-hiking-boots-mh500-mid-black,"Men’s warm and waterproof hiking boots, MH500 Mid - Black",Men’s,Hiking & Trekking,₹21999,₹399,4.65 | 5.4k,Not Available,Out of Stock,Not Available,Not Available
https://www.decathlon.in/p/8670184/men-running-shoes-comfort-fit-upto-10km-week-run-active-denim-blue,"Men Running Shoes Comfort Fit, Upto 10km/week, Run Active - Denim Blue",Men,Jogging,₹9099,₹199,4.48 | 5.1k,Not Available,Out of Stock,Not Available,Not Available
https://www.decathlon.in/p/8670185/men-running-shoes-comfort-fit-upto-10km-week-run-active-blue-and-brown,"Men Running Shoes Comfort Fit, Upto 10km/week, Run Active - Blue and Brown",Men,Jogging,₹9099,₹199,4.48 | 5.1k,Not Available,Out of Stock,Not Available,Not Available
https://www.decathlon.in/p/8670187/men-running-shoes-comfort-fit-upto-10km-week-run-active-black-and-orange,"Men Running Shoes Comfort Fit, Upto 10km/week, Run Active - Black and Orange",Men,Jogging,₹9099,₹199,4.48 | 5.1k,Not Available,Out of Stock,Not Available,Not Available
https://www.decathlon.in/p/8670191/men-running-shoe-cushioned-foam-sole-and-breathable-jogflow-500-1-carbon-grey,"Men Running Shoe, Cushioned Foam Sole and Breathable JOGFLOW 500.1 - Carbon Grey",Men,Jogging,₹21999,₹399,4.55 | 12k,Not Available,Out of Stock,Not Available,Not Available
https://www.decathlon.in/p/8670196/men-running-shoe-cushioned-foam-sole-and-breathable-jogflow-500-1-black,"Men Running Shoe, Cushioned Foam Sole and Breathable JOGFLOW 500.1 - Black",Men,Jogging,₹21999,₹399,4.55 | 12k,Not Available,Out of Stock,Not Available,Not Available
https://www.decathlon.in/p/8733461/men-running-shoes-superior-grip-cushioned-upto-10km-week-jogflow100-sage-green,"Men Running Shoes Superior Grip Cushioned Upto 10km/week, Jogflow100 -Sage Green",Men,Jogging,₹9099,₹199,4.48 | 5.1k,Not Available,Out of Stock,Not Available,Not Available
https://www.decathlon.in/p/8733464/men-running-shoes-superior-grip-cushioned-upto-10km-week-jogflow100-black,"Men Running Shoes Superior Grip Cushioned Upto 10km/week, Jogflow100 - Black",Men,Jogging,₹9099,₹199,4.48 | 5.1k,Not Available,Out of Stock,Not Available,Not Available
https://www.decathlon.in/p/8733468/men-running-shoes-superior-grip-cushioned-upto-10km-week-jogflow100-red,"Men Running Shoes Superior Grip Cushioned Upto 10km/week, Jogflow100 - Red",Men,Jogging,₹21999,₹199,4.55 | 12k,Not Available,Out of Stock,Not Available,Not Available
https://www.decathlon.in/p/8733469/men-running-shoes-superior-grip-cushioned-upto-10km-week-jogflow100-navy-blue,"Men Running Shoes Superior Grip Cushioned Upto 10km/week, Jogflow100 - Navy Blue",Men,Jogging,₹9099,₹199,4.55 | 12k,Not Available,Out of Stock,Not Available,Not Available
https://www.decathlon.in/p/8733470/men-running-shoes-superior-grip-cushioned-upto-10km-week-jogflow100-grey,"Men Running Shoes Superior Grip Cushioned Upto 10km/week, Jogflow100 - Grey",Men,Jogging,₹9099,₹199,4.61 | 7.5k,Not Available,Out of Stock,Not Available,Not Available
https://www.decathlon.in/p/8738058/men-s-warm-and-waterproof-hiking-boots-nh500-mid-black,Men’s Warm and Waterproof Hiking Boots NH500 Mid - Black,Men’s,Hiking & Trekking,₹21999,₹199,4.58 | 1.4k,Not Available,Out of Stock,Not Available,Not Available
https://www.decathlon.in/p/8756701/men-mid-ankle-hiking-shoes-black-nh100,Men Mid Ankle Hiking Shoes Black - NH100,Men,Hiking & Trekking,₹7999,₹99,4.54 | 5.9k,Not Available,Out of Stock,Not Available,Not Available
https://www.decathlon.in/p/8757257/men-lightweight-low-ankle-hiking-shoes-blue-nh150,Men Lightweight Low Ankle Hiking Shoes Blue - NH150,Men,Hiking & Trekking,₹21999,₹199,4.54 | 5.9k,Not Available,In Stock,Not Available,Not Available
https://www.decathlon.in/p/8757332/men-running-shoes-superior-grip-cushioned-upto-20km-week-jogflow-190-1-white,"Men Running Shoes Superior Grip Cushioned Upto 20km/week, Jogflow 190.1 - White",Men,Jogging,₹21999,₹199,4.55 | 12k,Not Available,Out of Stock,Not Available,Not Available
https://www.decathlon.in/p/8757333/men-running-shoes-superior-grip-cushioned-upto-20km-week-jogflow-190-1-blue,"Men Running Shoes Superior Grip Cushioned Upto 20km/week, Jogflow 190.1 - Blue",Men,Jogging,₹21999,₹199,4.55 | 12k,Not Available,Out of Stock,Not Available,Not Available
https://www.decathlon.in/p/8757334/men-running-shoes-superior-grip-cushioned-upto-20km-week-jogflow-190-1-grey,"Men Running Shoes Superior Grip Cushioned Upto 20km/week, Jogflow 190.1 - Grey",Men,Jogging,₹21999,₹199,4.55 | 12k,Not Available,Out of Stock,Not Available,Not Available
https://www.decathlon.in/p/8757335/men-running-shoes-superior-grip-cushioned-upto-20km-week-jogflow-190-1-black,"Men Running Shoes Superior Grip Cushioned Upto 20km/week, Jogflow 190.1 - Black",Men,Jogging,₹9999,₹199,4.48 | 5.1k,Not Available,Out of Stock,Not Available,Not Available
https://www.decathlon.in/p/8759438/waterproof-boots-crosshunt-110-heritage-brown,WATERPROOF BOOTS CROSSHUNT 110 HERITAGE - BROWN,WATERPROOF,Occasional,₹28999,₹699,4.65 | 5.4k,Not Available,Out of Stock,Not Available,Not Available
https://www.decathlon.in/p/8767616/men-low-ankle-leather-hiking-shoes-with-built-in-socks-nh500,Men Low Ankle Leather Hiking Shoes with Built-in Socks - NH500,Men,Hiking & Trekking,₹21999,₹299,4.54 | 5.9k,Not Available,In Stock,Not Available,Not Available
https://www.decathlon.in/p/8767618/men-s-hiking-shoes-arpenaz-500-revival,Men's Hiking shoes - ARPENAZ 500 REVIVAL,Men's,Hiking & Trekking,₹21999,₹299,4.54 | 5.9k,Not Available,In Stock,Not Available,Not Available
https://www.decathlon.in/p/8767790/run-active-grip-lightweight-cushioned-men-running-shoes-max-10-km-wk-white,RUN ACTIVE GRIP Lightweight Cushioned Men Running Shoes max 10 km/wk - White,RUN,Jogging,₹28999,₹199,4.55 | 12k,Not Available,In Stock,Not Available,Not Available
https://www.decathlon.in/p/8772865/men-s-kiprun-ks500-2-running-shoes-black-yellow,MEN'S KIPRUN KS500 2 RUNNING SHOES - BLACK/YELLOW,MEN'S,Running,₹21999,₹259,4.55 | 12k,Not Available,Out of Stock,Not Available,Not Available
https://www.decathlon.in/p/8786155/men-s-leather-boots-waterproof-vibram-mt500-brown,Men's Leather Boots Waterproof Vibram MT500 Brown,Men's,Hiking & Trekking,₹25999,₹199,4.58 | 1.4k,Not Available,Out of Stock,Not Available,Not Available
https://www.decathlon.in/p/8801288/men-s-leather-high-trekking-shoes-mt100,MEN's LEATHER HIGH TREKKING SHOES MT100,MEN's,Hiking & Trekking,₹21999,₹399,4.65 | 5.4k,Not Available,Out of Stock,Not Available,Not Available
https://www.decathlon.in/p/8801426/men-running-shoe-with-carbon-plate-kiprun-kd900x-white,"Men Running Shoe with Carbon Plate, Kiprun KD900X - White",Men,Running,₹28999,₹199,4.55 | 12k,Not Available,In Stock,Not Available,Not Available
https://www.decathlon.in/p/8830177/men-s-kiprun-ks500-2-running-shoes-black-grey,MEN'S KIPRUN KS500 2 RUNNING SHOES - BLACK/GREY,MEN'S,Running,₹21999,₹259,4.55 | 12k,Not Available,Out of Stock,Not Available,Not Available
https://www.decathlon.in/p/8830227/men-running-shoe-cushioned-foam-sole-and-anti-slip-kd500-3-white-and-orange,"Men Running Shoe, Cushioned Foam Sole and Anti-Slip KD500 3 - White and Orange",Men,Running,₹21999,₹199,4.55 | 12k,Not Available,In Stock,Not Available,Not Available
https://www.decathlon.in/p/8841282/men-running-and-trail-running-shoes-kiprun-jf-190-grip-blue-and-orange,"Men Running and Trail Running Shoes, Kiprun JF 190 Grip - Blue and Orange",Men,Jogging,₹9999,₹199,4.55 | 12k,Not Available,Out of Stock,Not Available,Not Available
https://www.decathlon.in/p/8844091/men-s-hiking-boots-nh50-green,Men’s hiking boots NH50 - Green,Men’s,Hiking & Trekking,₹7999,₹99,4.47 | 2.6k,Not Available,Out of Stock,Not Available,Not Available
https://www.decathlon.in/p/8844095/men-s-hiking-boots-nh50-black,Men’s hiking boots NH50 - Black,Men’s,Hiking & Trekking,₹7999,₹99,4.47 | 2.6k,Not Available,Out of Stock,Not Available,Not Available
https://www.decathlon.in/p/8844602/men-running-shoes-superior-grip-cushioned-upto-10km-week-jogflow100-blue,"Men Running Shoes Superior Grip Cushioned Upto 10km/week, Jogflow100 - Blue",Men,Jogging,₹21999,₹199,4.55 | 12k,Not Available,Out of Stock,Not Available,Not Available
https://www.decathlon.in/p/8851583/men-waterproof-hiking-shoes-low-ankle-with-cushion-comfort-black-mh500,Men Waterproof Hiking Shoes Low Ankle with Cushion Comfort Black - MH500,Men,Hiking & Trekking,₹24999,₹199,4.58 | 1.4k,Not Available,Out of Stock,Not Available,Not Available
https://www.decathlon.in/p/8873070/men-s-running-shoes-kiprun-kipcore-grey,"Men's Running Shoes, Kiprun Kipcore Grey",Men's,Jogging,₹28999,₹199,4.55 | 12k,Not Available,Out of Stock,Not Available,Not Available
https://www.decathlon.in/p/8874411/men-running-shoes-superior-grip-cushioned-upto-20km-week-jogflow-190-1-blue,"Men Running Shoes Superior Grip Cushioned Upto 20km/week, Jogflow 190.1 - Blue",Men,Jogging,₹21999,₹199,4.55 | 12k,Not Available,Out of Stock,Not Available,Not Available
https://www.decathlon.in/p/8883621/men-running-and-trail-running-shoes-kiprun-jf-190-grip-black,"Men Running and Trail Running Shoes, Kiprun JF 190 Grip - Black",Men,Jogging,₹9999,₹199,4.48 | 5.1k,Not Available,Out of Stock,Not Available,Not Available
https://www.decathlon.in/p/8913737/men-running-shoes-superior-grip-cushioned-upto-10km-week-jogflow100-steel-blue,"Men Running Shoes Superior Grip Cushioned Upto 10km/week, Jogflow100 -Steel Blue",Men,Jogging,₹9099,₹199,4.55 | 12k,Not Available,Out of Stock,Not Available,Not Available
https://www.decathlon.in/p/8913739/men-running-shoes-superior-grip-cushioned-upto-10km-week-jogflow100-green,"Men Running Shoes Superior Grip Cushioned Upto 10km/week, Jogflow100 - Green",Men,Jogging,₹21999,₹199,4.55 | 12k,Not Available,Out of Stock,Not Available,Not Available
https://www.decathlon.in/p/8913740/men-running-shoes-superior-grip-cushioned-upto-10km-week-jogflow-frozen-green,"Men Running Shoes Superior Grip Cushioned Upto 10km/week, Jogflow - Frozen Green",Men,Jogging,₹9099,₹199,4.48 | 5.1k,Not Available,Out of Stock,Not Available,Not Available
https://www.decathlon.in/p/8913741/men-running-shoes-superior-grip-cushioned-upto-10km-week-jogflow-cotton-white,"Men Running Shoes Superior Grip Cushioned Upto 10km/week, Jogflow - Cotton White",Men,Jogging,₹9099,₹199,4.55 | 12k,Not Available,Out of Stock,Not Available,Not Available
https://www.decathlon.in/p/8913894/men-running-shoes-superior-grip-cushioned-upto-20km-week-jogflow-190-1-black,"Men Running Shoes Superior Grip Cushioned Upto 20km/week, Jogflow 190.1 - Black",Men,Jogging,₹9999,₹199,4.55 | 12k,Not Available,Out of Stock,Not Available,Not Available
https://www.decathlon.in/p/8913896/men-running-shoes-superior-grip-cushioned-upto-20km-week-jogflow-190-1-blue,"Men Running Shoes Superior Grip Cushioned Upto 20km/week, Jogflow 190.1 - Blue",Men,Jogging,₹21999,₹199,4.55 | 12k,Not Available,Out of Stock,Not Available,Not Available
https://www.decathlon.in/p/8913898/men-running-shoes-superior-grip-cushioned-upto-20km-week-jogflow-190-1-black,"Men Running Shoes Superior Grip Cushioned Upto 20km/week, Jogflow 190.1 - Black",Men,Jogging,₹21999,₹199,4.55 | 12k,Not Available,Out of Stock,Not Available,Not Available
https://www.decathlon.in/p/8913899/men-running-shoes-superior-grip-cushioned-upto-20km-week-jogflow-190-1-grey,"Men Running Shoes Superior Grip Cushioned Upto 20km/week, Jogflow 190.1 - Grey",Men,Jogging,₹9999,₹199,4.55 | 12k,Not Available,Out of Stock,Not Available,Not Available
https://www.decathlon.in/p/8913901/men-running-shoes-superior-grip-cushioned-upto-20km-week-jogflow-190-1-grey,"Men Running Shoes Superior Grip Cushioned Upto 20km/week, Jogflow 190.1 - Grey",Men,Jogging,₹21999,₹199,4.55 | 12k,Not Available,Out of Stock,Not Available,Not Available
https://www.decathlon.in/p/8913903/men-running-shoes-superior-grip-cushioned-upto-20km-week-jogflow-190-1-blue,"Men Running Shoes Superior Grip Cushioned Upto 20km/week, Jogflow 190.1 - Blue",Men,Jogging,₹21999,₹199,4.55 | 12k,Not Available,Out of Stock,Not Available,Not Available
https://www.decathlon.in/p/8913912/men-running-and-trail-running-shoes-kiprun-jf-190-grip-blue,"Men Running and Trail Running Shoes, Kiprun JF 190 Grip - Blue",Men,Jogging,₹21999,₹199,4.61 | 6.9k,Not Available,Out of Stock,Not Available,Not Available
https://www.decathlon.in/p/8913917/men-running-and-trail-running-shoes-kiprun-jf-190-grip-flame-orange,"Men Running and Trail Running Shoes, Kiprun JF 190 Grip - Flame Orange",Men,Jogging,₹21999,₹199,4.55 | 12k,Not Available,Out of Stock,Not Available,Not Available
https://www.decathlon.in/p/8913926/men-running-and-trail-running-shoes-kiprun-jf-190-grip-silver-grey,"Men Running and Trail Running Shoes, Kiprun JF 190 Grip - Silver Grey",Men,Jogging,₹9999,₹199,4.48 | 5.1k,Not Available,Out of Stock,Not Available,Not Available
https://www.decathlon.in/p/8933795/men-s-badminton-shoes-blue,Men's Badminton Shoes - Blue,Men's,Occasional,₹21999,₹299,4.66 | 360,Not Available,Out of Stock,Not Available,Not Available
https://www.decathlon.in/p/8961427/men-s-sports-shoes-essential-icon-black-white,Men's Sports Shoes Essential Icon - Black/White,Men's,Sport Shoes,₹28999,₹199,4.65 | 5.4k,Not Available,Out of Stock,Not Available,Not Available
https://www.decathlon.in/p/8983461/men-running-shoes-extremely-breathable-upto-10km-week-jogflow-150-breathe-red,"Men Running Shoes extremely breathable, Upto 10km/week, Jogflow 150 Breathe Red",Men,Occasional,₹28999,₹199,4.55 | 12k,Not Available,Out of Stock,Not Available,Not Available
https://www.decathlon.in/p/8983462/men-running-shoes-extremely-breathable-upto-10km-week-jogflow-150-breathe-blue,"Men Running Shoes extremely breathable, Upto 10km/week, Jogflow 150 Breathe Blue",Men,Occasional,₹28999,₹139,4.48 | 5.1k,Not Available,Out of Stock,Not Available,Not Available
https://www.decathlon.in/p/8350125/kids-football-socks-f100-white,Kids Football Socks F100 - White,Kids,Kids Footwear,₹4199,₹199,4.88 | 3.3k,Not Available,Out of Stock,Not Available,Not Available
https://www.decathlon.in/p/8351660/kids-tennis-non-marking-velcro-shoe-dark-blue,Kids Tennis Non-Marking Velcro Shoe - Dark Blue,Kids,Kids Footwear,₹10999,₹199,4.81 | 2.5k,Not Available,In Stock,Not Available,Not Available
https://www.decathlon.in/p/8351800/women-running-shoes-lightweight-run-100-grey,Women Running Shoes Lightweight Run 100 - GREY,Women,Ordinary,₹21999,₹199,4.64 | 2.7k,Not Available,Out of Stock,Not Available,Not Available
https://www.decathlon.in/p/8367538/women-mid-ankle-winter-shoes-with-waterproofing-black-sh100,Women Mid Ankle Winter Shoes with Waterproofing Black - SH100,Women,Ordinary,₹25999,₹299,4.66 | 3.9k,Not Available,Out of Stock,Not Available,Not Available
https://www.decathlon.in/p/8368186/kids-soft-trainers-water-repellent-rip-tab-shoe-soft-140-blue,"Kids Soft Trainers, Water Repellent, Rip-Tab Shoe, Soft 140 - Blue",Kids,Kids Footwear,₹4549,₹99,4.67 | 5.3k,Not Available,Out of Stock,Not Available,Not Available
https://www.decathlon.in/p/8397090/women-low-ankle-waterproof-hiking-shoes-with-non-slip-outsole-grey-mh100,Women Low Ankle Waterproof Hiking Shoes with Non-Slip Outsole Grey - MH100,Women,Ordinary,₹25999,₹199,4.57 | 2.8k,Not Available,Out of Stock,Not Available,Not Available
https://www.decathlon.in/p/8403098/kids-walking-velcro-shoes-100-grey,Kids Walking Velcro Shoes 100 - Grey,Kids,Kids Footwear,₹4999,₹199,4.75 | 4.1k,Not Available,Out of Stock,Not Available,Not Available
https://www.decathlon.in/p/8486214/kids-unisex-slip-on-shoes-pw-500-fresh-turquoise,Kids Unisex Slip-On Shoes PW 500 Fresh - Turquoise,Kids,Kids Footwear,₹5999,₹199,4.75 | 4.1k,Not Available,In Stock,Not Available,Not Available
https://www.decathlon.in/p/8486647/kids-soft-trainers-water-repellent-rip-tab-shoe-soft-140-smoked-black,"Kids Soft Trainers, Water Repellent, Rip-Tab Shoe, Soft 140 - Smoked Black",Kids,Kids Footwear,₹5999,₹99,4.75 | 4.1k,Not Available,Out of Stock,Not Available,Not Available
https://www.decathlon.in/p/8488757/run-cushion-comfortale-lite-antislip-women-running-shoes-turquoise-green,RUN CUSHION Comfortale Lite Antislip Women Running Shoes Turquoise Green,RUN,Ordinary,₹25999,₹199,4.69 | 4.3k,Not Available,In Stock,Not Available,Not Available
https://www.decathlon.in/p/8493370/women-water-resistant-mid-ankle-hiking-shoes-blue-grey-nh100,Women Water Resistant Mid Ankle Hiking Shoes Blue Grey - NH100,Women,Ordinary,₹25999,₹199,4.64 | 2.7k,Not Available,Out of Stock,Not Available,Not Available
https://www.decathlon.in/p/8495633/kids-football-socks-f100-indigo-blue,KIds Football Socks F100 Indigo Blue,KIds,Kids Footwear,₹5999,₹199,4.84 | 2.5k,Not Available,Out of Stock,Not Available,Not Available
https://www.decathlon.in/p/8505239/kids-running-velcro-shoes-at-easy-orange,Kids Running Velcro Shoes AT Easy - Orange,Kids,Kids Footwear,₹5999,₹199,4.79 | 1.2k,Not Available,Out of Stock,Not Available,Not Available
https://www.decathlon.in/p/8547237/kids-running-velcro-shoes-at-easy-blue,Kids Running Velcro Shoes AT Easy - Blue,Kids,Kids Footwear,₹5999,₹199,4.79 | 1.2k,Not Available,Out of Stock,Not Available,Not Available
https://www.decathlon.in/p/8553549/women-s-hiking-boots-nh50-grey,"Women’s hiking boots, NH50 - Grey",Women’s,Ordinary,₹25999,₹199,4.49 | 2.7k,Not Available,Out of Stock,Not Available,Not Available
https://www.decathlon.in/p/8641509/women-s-warm-and-waterproof-hiking-boots-nh500-mid-burgundy,Women's Warm and Waterproof Hiking Boots NH500 Mid - Burgundy,Women's,Ordinary,₹25999,₹199,4.57 | 2.8k,Not Available,Out of Stock,Not Available,Not Available
https://www.decathlon.in/p/8642586/warm-hiking-socks-sh900-mountain-mid-grey,"Warm hiking socks, SH900 Mountain Mid - Grey",Warm,Kids Footwear,₹13999,₹199,4.5 | 101,Not Available,Out of Stock,Not Available,Not Available
https://www.decathlon.in/p/8646078/kids-tennis-shoes-with-laces-ts500-fast-nightsky,Kids' Tennis Shoes with Laces TS500 Fast - Nightsky,Kids',Kids Footwear,₹10999,₹199,4.81 | 2.5k,Not Available,Out of Stock,Not Available,Not Available
https://www.decathlon.in/p/8649282/women-mid-ankle-hiking-shoes-black-nh100,Women Mid Ankle Hiking Shoes Black - NH100,Women,Ordinary,₹25999,₹199,4.58 | 1.3k,Not Available,Out of Stock,Not Available,Not Available
https://www.decathlon.in/p/8651887/kids-socks-5-pack-patterns,Kids' Socks 5-Pack - Patterns,Kids',Kids Footwear,₹5999,₹199,4.78 | 945,Not Available,Out of Stock,Not Available,Not Available
https://www.decathlon.in/p/8651888/kids-socks-5-pack-patterns,Kids' Socks 5-Pack - Patterns,Kids',Kids Footwear,₹5999,₹199,4.78 | 945,Not Available,Out of Stock,Not Available,Not Available
https://www.decathlon.in/p/8664339/kids-lace-up-tennis-shoes-essential-white-yellow,Kids' Lace-Up Tennis Shoes Essential - White & Yellow,Kids',Kids Footwear,₹10999,₹199,4.81 | 2.5k,Not Available,Out of Stock,Not Available,Not Available
https://www.decathlon.in/p/8664341/kids-lace-up-essential-tennis-shoes-black-blue,Kids' Lace-Up Essential Tennis Shoes - Black & Blue,Kids',Kids Footwear,₹10999,₹199,4.81 | 2.5k,Not Available,Out of Stock,Not Available,Not Available
https://www.decathlon.in/p/8664396/women-waterproof-hiking-shoes-mid-ankle-with-cushion-comfort-green-mh500,Women Waterproof Hiking Shoes Mid Ankle with Cushion Comfort Green - MH500,Women,Ordinary,₹25999,₹599,4.64 | 2.7k,Not Available,Out of Stock,Not Available,Not Available
https://www.decathlon.in/p/8669461/kids-mid-rise-beginner-basketball-shoes-se100-black,Kids Mid-Rise Beginner Basketball Shoes SE100 - Black,Kids,Kids Footwear,₹10999,₹199,4.78 | 719,Not Available,Out of Stock,Not Available,Not Available
https://www.decathlon.in/p/8733480/women-running-shoes-lightweight-cushioned-upto-10km-week-jogflow-100-1-black,"Women Running Shoes Lightweight, Cushioned, Upto 10km/week, Jogflow 100.1- Black",Women,Ordinary,₹25999,₹199,4.71 | 3.1k,Not Available,Out of Stock,Not Available,Not Available
https://www.decathlon.in/p/8756995/women-s-warm-and-waterproof-hiking-boots-mh500-mid-black,Women’s Warm and Waterproof Hiking Boots MH500 Mid - Black,Women’s,Ordinary,₹25999,₹199,4.57 | 2.8k,Not Available,Out of Stock,Not Available,Not Available
https://www.decathlon.in/p/8757341/women-running-shoes-superior-grip-cushioned-upto-20km-week-jogflow-190-1-blue,"Women Running Shoes Superior Grip Cushioned Upto 20km/week, Jogflow 190.1 - Blue",Women,Ordinary,₹25999,₹199,4.69 | 4.3k,Not Available,Out of Stock,Not Available,Not Available
https://www.decathlon.in/p/8757342/women-running-shoes-superior-grip-cushioned-upto-20km-week-jogflow-190-1-lilac,"Women Running Shoes Superior Grip Cushioned Upto 20km/week, Jogflow 190.1 -Lilac",Women,Ordinary,₹25999,₹199,4.69 | 4.3k,Not Available,Out of Stock,Not Available,Not Available
https://www.decathlon.in/p/8771309/kids-rip-tab-essential-kd-tennis-shoes-black-blue,Kids' Rip-Tab Essential KD Tennis Shoes - Black & Blue,Kids',Kids Footwear,₹13999,₹199,4.81 | 2.5k,Not Available,Out of Stock,Not Available,Not Available
https://www.decathlon.in/p/8774167/women-walking-shoes-superior-grip-lightweight-slip-on-shoes-pw-160-black,"Women Walking shoes Superior Grip, Lightweight, Slip-On Shoes, PW 160 - Black",Women,Ordinary,₹25999,₹199,4.57 | 2.8k,Not Available,Out of Stock,Not Available,Not Available
https://www.decathlon.in/p/8800119/women-s-warm-and-waterproof-snow-hiking-boots-nh900-brown-leather,"Women’s warm and waterproof snow hiking boots, NH900 - Brown leather",Women’s,Ordinary,₹25999,₹199,4.57 | 2.8k,Not Available,Out of Stock,Not Available,Not Available
https://www.decathlon.in/p/8851131/women-s-waterproof-high-rise-hiking-boots-mh100-grey-green,"Women’s waterproof high-rise hiking boots, MH100 - Grey/Green",Women’s,Ordinary,₹25999,₹199,4.53 | 308,Not Available,Out of Stock,Not Available,Not Available
https://www.decathlon.in/p/8871992/kids-ski-and-snowboard-socks-500-blue-patterned,KIDS’ SKI AND SNOWBOARD SOCKS 500 - BLUE PATTERNED,KIDS’,Kids Footwear,₹13999,₹79,4.63 | 1.1k,Not Available,Out of Stock,Not Available,Not Available
https://www.decathlon.in/p/8872050/junior-badminton-shoes-bs-190-blue-navy,Junior Badminton Shoes BS 190 Blue Navy,Junior,Kids Footwear,₹10999,₹299,4.81 | 2.5k,Not Available,Out of Stock,Not Available,Not Available
https://www.decathlon.in/p/8912487/kids-unisex-multisports-durable-shoes-playventure-yard-purple-green,Kids' Unisex Multisports Durable Shoes Playventure Yard - Purple/Green,Kids',Kids Footwear,₹13999,₹199,4.75 | 4.1k,Not Available,Out of Stock,Not Available,Not Available
https://www.decathlon.in/p/8913940/women-running-shoes-lightweight-cushioned-upto-10km-week-jogflow-100-1-grey,"Women Running Shoes Lightweight, Cushioned, Upto 10km/week, Jogflow 100.1 - Grey",Women,Ordinary,₹25999,₹199,4.71 | 3.1k,Not Available,Out of Stock,Not Available,Not Available
https://www.decathlon.in/p/8913945/women-running-shoes-lightweight-cushioned-upto-10km-week-jogflow-100-1-green,"Women Running Shoes Lightweight, Cushioned, Upto 10km/week, Jogflow 100.1 -Green",Women,Ordinary,₹21999,₹299,4.71 | 3.1k,Not Available,Out of Stock,Not Available,Not Available
https://www.decathlon.in/p/8913965/jf190-grip-women-s-running-and-trail-shoes-black-pink,JF190 Grip Women's Running and Trail Shoes-Black/Pink,JF190,Ordinary,₹25999,₹199,4.69 | 4.3k,Not Available,Out of Stock,Not Available,Not Available
https://www.decathlon.in/p/8913975/women-s-running-and-trail-shoes-jf190-grip-grey-pink,"Women's Running and Trail shoes, JF190 Grip Grey Pink",Women's,Ordinary,₹25999,₹199,4.69 | 4.3k,Not Available,Out of Stock,Not Available,Not Available
https://www.decathlon.in/p/8941903/kids-football-boots-160-mg-neon-green,Kids' Football Boots 160 MG - Neon Green,Kids',Kids Footwear,₹10999,₹199,4.81 | 2.5k,Not Available,Out of Stock,Not Available,Not Available
https://www.decathlon.in/p/8943975/adult-futsal-trainers-100-black-caramel,Adult Futsal Trainers 100-Black/Caramel,Adult,Kids Footwear,₹13999,₹199,4.69 | 71,Not Available,Out of Stock,Not Available,Not Available
